type,name,vocabulary_size,user_count,learning_rate,embedding_size,max_title_length,rnn_neurons,rnn_unit,hidden_neurons,hidden_layers,subreddit_input_neurons,use_concat_input,batch_size,training_epochs,use_l2_loss,l2_factor,use_dropout,dropout_prob,use_constant_limit,constant_prediction_limit,trainable_matrix,pre_trained_matrix,use_pretrained,pre_train_subreddit,validation_data,training_data,testing_data,F1 Score highest valid,F1 Score training,Epoch for highest F1,Precision validation,Precision training,Recall validation,Recall training,Date of experiment
model-builder,network-JenniferKovac-5-users-stemmed,25000,6,0.05,300,12,400,lstm,300,1,200,FALSE,100,15000,TRUE,0.01,TRUE,0.75,FALSE,0.3,TRUE,vectors150d.txt,FALSE,FALSE,valid_real_model_top5.csv,train_real_model_top5.csv,,0.4547635913,0.6465328336,4047,0.3552303016,0.5253517032,0.6317860484,0.8403806686,Mon May  8 04:26:06 2017
model-builder,network-JenniferKovac-7-regularized-1-hidden-300-400,25000,6,0.05,300,12,400,lstm,300,1,10,FALSE,25,1500,TRUE,0.01,TRUE,0.75,FALSE,0.3,TRUE,vectors150d.txt,FALSE,FALSE,validation_data_top_5_subreddit_allvotes.csv,training_data_top_5_subreddit_allvotes.csv,testing_data_top_5_subreddit_allvotes.csv,0.3907799423,0.4795266986,1470,0.2751584649,0.3466900885,0.6739904881,0.7773881555,Sun Apr 30 01:16:58 2017
model-builder,network78,19000,6,0.4,300,30,500,gru,300,0,100,FALSE,25,50,TRUE,0.1,TRUE,0.5,TRUE,0.5,TRUE,vectors300d.txt,FALSE,FALSE,validation_data_top_5_subreddit_allvotes.csv,training_data_top_5_subreddit_allvotes.csv,testing_data_top_5_subreddit_allvotes.csv,0.3809524179,0.2817673981,0,0.25,0.1853772998,0.8000000119,0.5869751573,Wed Apr 19 10:03:56 2017
model-builder,network-JamesReed-6,15000,6,0.5,100,12,150,lstm,150,3,100,TRUE,50,200,FALSE,0.1,FALSE,0.9,FALSE,0.5,FALSE,vectors.txt,TRUE,FALSE,validation_data_top_5_subreddit_allvotes.csv,training_data_top_5_subreddit_allvotes.csv,testing_data_top_5_subreddit_allvotes.csv,0.377622366,0.2729764283,0,0.290322572,0.2076384723,0.5400000215,0.398314774,Sat Apr 29 18:19:49 2017
model-builder,network-JenniferKovac-7-regularized-1-hidden-300,25000,6,0.05,300,12,200,lstm,300,1,10,FALSE,25,500,TRUE,0.01,TRUE,0.75,FALSE,0.3,TRUE,vectors150d.txt,FALSE,FALSE,validation_data_top_5_subreddit_allvotes.csv,training_data_top_5_subreddit_allvotes.csv,testing_data_top_5_subreddit_allvotes.csv,0.3742460012,0.439099431,92,0.2691944838,0.3083848953,0.6137634516,0.7621508837,Sat Apr 29 22:36:36 2017
model-builder,network-JenniferKovac-7-regularized-1-hidden-300-400-600,25000,6,0.05,300,12,400,lstm,600,1,10,FALSE,25,1500,TRUE,0.01,TRUE,0.75,FALSE,0.3,TRUE,vectors150d.txt,FALSE,FALSE,validation_data_top_5_subreddit_allvotes.csv,training_data_top_5_subreddit_allvotes.csv,testing_data_top_5_subreddit_allvotes.csv,0.3738127947,0.4649906158,187,0.2598621249,0.3306765854,0.6657446623,0.783049047,Sun Apr 30 05:23:23 2017
model-builder,network-JenniferKovac-7,25000,6,0.05,150,12,200,lstm,300,0,10,FALSE,25,200,FALSE,0.01,FALSE,0.75,FALSE,0.3,TRUE,vectors150d.txt,FALSE,FALSE,validation_data_top_5_subreddit_allvotes.csv,training_data_top_5_subreddit_allvotes.csv,testing_data_top_5_subreddit_allvotes.csv,0.3720324934,0.585105598,87,0.2896202505,0.4631710947,0.5199999809,0.7941821814,Sat Apr 29 18:30:40 2017
model-builder,network-JenniferKovac-7-regularized-1-hidden-300-800,25000,6,0.05,300,12,800,lstm,300,1,10,FALSE,25,1500,TRUE,0.01,TRUE,0.75,FALSE,0.3,TRUE,vectors150d.txt,FALSE,FALSE,validation_data_top_5_subreddit_allvotes.csv,training_data_top_5_subreddit_allvotes.csv,testing_data_top_5_subreddit_allvotes.csv,0.3679151535,0.3498074114,63,0.2503382862,0.2358464897,0.6937500238,0.6768713593,Sun Apr 30 03:47:40 2017
model-builder,network-TrevorYamazaki-0,10000,6,0.35,100,12,200,lstm,600,0,200,FALSE,25,200,FALSE,0.01,FALSE,0.9,FALSE,0.7,FALSE,vectors.txt,TRUE,TRUE,validation_data_top_5_subreddit_allvotes.csv,training_data_top_5_subreddit_allvotes.csv,testing_data_top_5_subreddit_allvotes.csv,0.3675534725,0.3281487823,191,0.290792197,0.2597944438,0.4993749857,0.4453154802,Sat Apr 29 16:52:20 2017
model-builder,network-2017-04-19 12:19:10.037651-9,10000,6,0.35,100,35,200,lstm,600,0,200,FALSE,25,50,FALSE,0.01,FALSE,0.9,FALSE,0.7,FALSE,vectors.txt,TRUE,TRUE,validation_data_top_5_subreddit_allvotes.csv,training_data_top_5_subreddit_allvotes.csv,testing_data_top_5_subreddit_allvotes.csv,0.36389485,0.3457799554,49,0.2584988177,0.2468127608,0.6144000292,0.5772436261,Wed Apr 19 14:48:31 2017
model-builder,network-JenniferKovac-7-regularized-1-hidden,25000,6,0.05,150,12,200,lstm,300,1,10,FALSE,25,500,TRUE,0.01,TRUE,0.75,FALSE,0.3,TRUE,vectors150d.txt,FALSE,FALSE,validation_data_top_5_subreddit_allvotes.csv,training_data_top_5_subreddit_allvotes.csv,testing_data_top_5_subreddit_allvotes.csv,0.3618553877,0.4545447826,43,0.2648671567,0.3252738416,0.5709090829,0.7543331981,Sat Apr 29 20:31:43 2017
model-builder,network44,19000,6,0.4,150,35,300,gru,150,3,50,FALSE,25,50,TRUE,0.1,TRUE,0.75,FALSE,0.2,TRUE,vectors150d.txt,FALSE,FALSE,validation_data_top_5_subreddit_allvotes.csv,training_data_top_5_subreddit_allvotes.csv,testing_data_top_5_subreddit_allvotes.csv,0.3618420959,0.2842887342,2,0.240174666,0.1898643076,0.7333333492,0.5655527115,Tue Apr 18 19:58:29 2017
model-builder,network-2017-04-20 17:48:22.917698-2,17000,6,0.15,150,40,150,gru,300,5,100,FALSE,25,75,FALSE,0.05,FALSE,0.75,TRUE,0.6,TRUE,vectors150d.txt,TRUE,TRUE,validation_data_top_5_subreddit_allvotes.csv,training_data_top_5_subreddit_allvotes.csv,testing_data_top_5_subreddit_allvotes.csv,0.3599999845,0.2988109589,0,0.2399999946,0.1996160299,0.7200000286,0.5939731598,Thu Apr 20 20:44:26 2017
model-builder,network-TrevorYamazaki-0-regularized-1-hidden,10000,6,0.35,100,12,200,lstm,600,1,200,FALSE,25,500,TRUE,0.01,TRUE,0.75,FALSE,0.7,FALSE,vectors.txt,TRUE,TRUE,validation_data_top_5_subreddit_allvotes.csv,training_data_top_5_subreddit_allvotes.csv,testing_data_top_5_subreddit_allvotes.csv,0.3580246866,0.2713926136,1,0.2589285672,0.1972282529,0.5799999833,0.4349471629,Sat Apr 29 20:07:03 2017
model-builder,network-JenniferKovac-7-regularized-2-hidden,25000,6,0.05,150,12,200,lstm,300,2,10,FALSE,25,500,TRUE,0.01,TRUE,0.75,FALSE,0.3,TRUE,vectors150d.txt,FALSE,FALSE,validation_data_top_5_subreddit_allvotes.csv,training_data_top_5_subreddit_allvotes.csv,testing_data_top_5_subreddit_allvotes.csv,0.3551921546,0.3820744753,62,0.2392070442,0.2615956366,0.6895238161,0.7082715631,Sat Apr 29 22:05:28 2017
model-builder,network-JeremyTina-1,19000,6,0.4,300,12,400,gru,150,1,200,TRUE,25,200,FALSE,0.1,FALSE,0.75,FALSE,0.7,FALSE,vectors300d.txt,FALSE,TRUE,validation_data_top_5_subreddit_allvotes.csv,training_data_top_5_subreddit_allvotes.csv,testing_data_top_5_subreddit_allvotes.csv,0.3517917991,0.3212962449,199,0.2199249119,0.2011904716,0.8786000013,0.7972129583,Sat Apr 29 17:09:58 2017
model-builder,network-RaulLindholm-3,17000,6,0.4,100,12,500,lstm,150,3,200,TRUE,25,200,FALSE,0.05,FALSE,0.5,FALSE,0.2,TRUE,vectors.txt,FALSE,FALSE,validation_data_top_5_subreddit_allvotes.csv,training_data_top_5_subreddit_allvotes.csv,testing_data_top_5_subreddit_allvotes.csv,0.3517487347,0.3210894167,199,0.2199288607,0.2010814846,0.878000021,0.79637748,Sat Apr 29 17:42:12 2017
model-builder,networkolddate4,19000,6,0.4,300,40,400,gru,150,1,200,TRUE,25,250,FALSE,0.1,FALSE,0.75,FALSE,0.7,FALSE,vectors300d.txt,FALSE,TRUE,validation_data_top_5_subreddit_allvotes.csv,training_data_top_5_subreddit_allvotes.csv,testing_data_top_5_subreddit_allvotes.csv,0.3516920507,0.3211868107,249,0.219939813,0.2011930346,0.877120018,0.7958269119,Thu Apr 27 10:03:58 2017
model-builder,network29,17000,6,0.4,100,30,500,lstm,150,3,200,TRUE,25,200,FALSE,0.05,FALSE,0.5,FALSE,0.2,TRUE,vectors.txt,FALSE,FALSE,validation_data_top_5_subreddit_allvotes.csv,training_data_top_5_subreddit_allvotes.csv,testing_data_top_5_subreddit_allvotes.csv,0.3516483307,0.3214608431,199,0.2197253406,0.2011922896,0.8799999952,0.7992144823,Mon Apr 24 00:08:27 2017
model-builder,network-CarolynJensen-5,10000,6,0.05,100,12,500,lstm,300,2,50,FALSE,25,200,TRUE,0.01,FALSE,0.5,FALSE,0.5,FALSE,vectors.txt,TRUE,TRUE,validation_data_top_5_subreddit_allvotes.csv,training_data_top_5_subreddit_allvotes.csv,testing_data_top_5_subreddit_allvotes.csv,0.3511572182,0.3213759363,199,0.2193419784,0.2010561526,0.8799999952,0.8003156185,Sat Apr 29 18:12:23 2017
model-builder,network8,10000,6,0.05,100,20,500,lstm,300,2,50,FALSE,25,200,TRUE,0.01,FALSE,0.5,FALSE,0.5,FALSE,vectors.txt,TRUE,TRUE,validation_data_top_5_subreddit_allvotes.csv,training_data_top_5_subreddit_allvotes.csv,testing_data_top_5_subreddit_allvotes.csv,0.3511021733,0.3208220303,199,0.2195488662,0.20094423,0.8759999871,0.7952406406,Mon Apr 24 01:08:28 2017
model-builder,network-HelenaWhitehead-4,19000,6,0.2,300,12,150,gru,750,2,200,FALSE,25,200,TRUE,0.01,TRUE,0.5,FALSE,0.8,FALSE,vectors300d.txt,FALSE,FALSE,validation_data_top_5_subreddit_allvotes.csv,training_data_top_5_subreddit_allvotes.csv,testing_data_top_5_subreddit_allvotes.csv,0.3510416448,0.32108441,199,0.2194889784,0.2011097521,0.8762000203,0.7958726287,Sat Apr 29 17:52:49 2017
model-builder,network-2017-04-18 11:55:46.528432-17,19000,6,0.4,300,40,400,gru,150,1,200,TRUE,25,50,FALSE,0.1,FALSE,0.75,FALSE,0.7,FALSE,vectors300d.txt,FALSE,TRUE,validation_data_top_5_subreddit_allvotes.csv,training_data_top_5_subreddit_allvotes.csv,testing_data_top_5_subreddit_allvotes.csv,0.3509677351,0.3207226992,49,0.2197979838,0.2011889964,0.8704000115,0.790222764,Tue Apr 18 15:52:52 2017
model-builder,network-JenniferKovac-7-regularized,25000,6,0.05,150,12,200,lstm,300,0,10,FALSE,25,200,TRUE,0.01,TRUE,0.75,FALSE,0.3,TRUE,vectors150d.txt,FALSE,FALSE,validation_data_top_5_subreddit_allvotes.csv,training_data_top_5_subreddit_allvotes.csv,testing_data_top_5_subreddit_allvotes.csv,0.3506110311,0.5316226482,179,0.2563154697,0.3999828696,0.5546666384,0.7924180627,Sat Apr 29 19:09:06 2017
model-builder,networolddate5,15000,6,0.4,300,35,200,lstm,450,3,50,FALSE,25,250,FALSE,0.01,TRUE,0.75,FALSE,0.5,TRUE,vectors300d.txt,FALSE,TRUE,validation_data_top_5_subreddit_allvotes.csv,training_data_top_5_subreddit_allvotes.csv,testing_data_top_5_subreddit_allvotes.csv,0.3501109481,0.3206870258,249,0.2190959156,0.2010038793,0.8708800077,0.7926558256,Thu Apr 27 11:01:49 2017
model-builder,network-2017-04-18 11:55:46.528432-7,15000,6,0.4,300,35,200,lstm,450,3,50,FALSE,25,50,FALSE,0.01,TRUE,0.75,FALSE,0.5,TRUE,vectors300d.txt,FALSE,TRUE,validation_data_top_5_subreddit_allvotes.csv,training_data_top_5_subreddit_allvotes.csv,testing_data_top_5_subreddit_allvotes.csv,0.3498992622,0.3203696311,47,0.2190916687,0.2009623796,0.8683333397,0.789432168,Tue Apr 18 13:44:26 2017
model-builder,network29,17000,6,0.4,100,30,500,lstm,150,3,200,TRUE,25,50,FALSE,0.05,FALSE,0.5,FALSE,0.2,TRUE,vectors.txt,FALSE,FALSE,validation_data_top_5_subreddit_allvotes.csv,training_data_top_5_subreddit_allvotes.csv,testing_data_top_5_subreddit_allvotes.csv,0.349752903,0.3200216591,49,0.2183953822,0.2001573741,0.8776000142,0.7977606654,Tue Apr 18 16:37:22 2017
model-builder,network-JenniferKovac-7-regularized-1-hidden-300-800-600,25000,6,0.05,300,12,800,lstm,600,1,10,FALSE,25,1500,TRUE,0.01,TRUE,0.75,FALSE,0.3,TRUE,vectors150d.txt,FALSE,FALSE,validation_data_top_5_subreddit_allvotes.csv,training_data_top_5_subreddit_allvotes.csv,testing_data_top_5_subreddit_allvotes.csv,0.3490442038,0.4074091911,1472,0.2413994074,0.2807358503,0.6299524903,0.7423892021,Sun Apr 30 07:51:52 2017
model-builder,network-2017-04-19 01:12:13.058082-13,19000,6,0.2,300,30,150,gru,750,2,200,FALSE,25,50,TRUE,0.01,TRUE,0.5,FALSE,0.8,FALSE,vectors300d.txt,FALSE,FALSE,validation_data_top_5_subreddit_allvotes.csv,training_data_top_5_subreddit_allvotes.csv,testing_data_top_5_subreddit_allvotes.csv,0.3487590253,0.3197659254,49,0.2180180252,0.2002877295,0.8712000251,0.792544961,Wed Apr 19 04:42:57 2017
model-builder,network8,10000,6,0.05,100,20,500,lstm,300,2,50,FALSE,25,50,TRUE,0.01,FALSE,0.5,FALSE,0.5,FALSE,vectors.txt,TRUE,TRUE,validation_data_top_5_subreddit_allvotes.csv,training_data_top_5_subreddit_allvotes.csv,testing_data_top_5_subreddit_allvotes.csv,0.3459016383,0.3176767528,49,0.2175257802,0.2001120746,0.8439999819,0.770114243,Tue Apr 18 11:11:36 2017
model-builder,networkwitholddate2,15000,6,0.5,300,25,300,lstm,600,3,50,FALSE,25,250,TRUE,0.05,TRUE,0.9,FALSE,0.5,TRUE,vectors300d.txt,FALSE,FALSE,validation_data_top_5_subreddit_allvotes.csv,training_data_top_5_subreddit_allvotes.csv,testing_data_top_5_subreddit_allvotes.csv,0.3435181975,0.3124595881,247,0.2196394056,0.2001547515,0.7879032493,0.7118991613,Thu Apr 27 08:23:35 2017
model-builder,network-JenniferKovac-7-regularized-2-hidden-concat,25000,6,0.05,150,12,200,lstm,300,2,10,TRUE,25,500,TRUE,0.01,TRUE,0.75,FALSE,0.3,TRUE,vectors150d.txt,FALSE,FALSE,validation_data_top_5_subreddit_allvotes.csv,training_data_top_5_subreddit_allvotes.csv,testing_data_top_5_subreddit_allvotes.csv,0.3419416249,0.3197359741,41,0.2282886356,0.2144001275,0.6809523702,0.6285415292,Sat Apr 29 21:31:57 2017
model-builder,network44,19000,6,0.4,150,35,300,gru,150,3,50,FALSE,25,250,TRUE,0.1,TRUE,0.75,FALSE,0.2,TRUE,vectors150d.txt,FALSE,FALSE,validation_data_top_5_subreddit_allvotes.csv,training_data_top_5_subreddit_allvotes.csv,testing_data_top_5_subreddit_allvotes.csv,0.3391455114,0.3008322716,95,0.2245173454,0.1994265616,0.6929166913,0.6120527983,Wed Apr 26 23:56:07 2017
model-builder,network46,19000,6,0.1,100,20,150,gru,150,3,50,FALSE,50,50,TRUE,0.01,TRUE,0.75,FALSE,0.6,FALSE,vectors.txt,FALSE,TRUE,validation_data_top_5_subreddit_allvotes.csv,training_data_top_5_subreddit_allvotes.csv,testing_data_top_5_subreddit_allvotes.csv,0.337349385,0.2800355256,0,0.2413793057,0.1989185959,0.5600000024,0.4728648961,Tue Apr 18 21:50:58 2017
model-builder,network87,15000,6,0.5,100,25,150,lstm,150,3,100,TRUE,50,50,FALSE,0.1,FALSE,0.9,FALSE,0.5,FALSE,vectors.txt,TRUE,FALSE,validation_data_top_5_subreddit_allvotes.csv,training_data_top_5_subreddit_allvotes.csv,testing_data_top_5_subreddit_allvotes.csv,0.3373414874,0.3144454658,39,0.2158645838,0.2015667111,0.7714999914,0.7146601081,Wed Apr 19 12:51:04 2017
model-builder,first-iteration,25000,6,0.05,150,30,200,lstm,300,0,10,FALSE,25,200,FALSE,0.01,FALSE,0.75,FALSE,0.3,TRUE,vectors150d.txt,FALSE,FALSE,validation_data_top_5_subreddit_allvotes.csv,training_data_top_5_subreddit_allvotes.csv,testing_data_top_5_subreddit_allvotes.csv,0.3366474211,0.5606423616,58,0.255438596,0.4383784533,0.4935593307,0.77748245,Wed Apr 19 17:51:51 2017
model-builder,network-JeffreyKoch-2,19000,6,0.15,150,20,250,gru,150,2,200,FALSE,50,50,FALSE,0.1,FALSE,0.9,TRUE,0.3,FALSE,vectors150d.txt,TRUE,TRUE,validation_data_top_5_subreddit_allvotes.csv,training_data_top_5_subreddit_allvotes.csv,testing_data_top_5_subreddit_allvotes.csv,0.3359999955,0.3203956187,0,0.2099999934,0.2005759478,0.8399999738,0.7957726121,Fri Apr 21 00:35:53 2017
model-builder,network30,17000,6,0.3,300,20,150,gru,500,1,50,TRUE,50,50,TRUE,0.05,FALSE,0.5,TRUE,0.8,FALSE,vectors300d.txt,FALSE,TRUE,validation_data_top_5_subreddit_allvotes.csv,training_data_top_5_subreddit_allvotes.csv,testing_data_top_5_subreddit_allvotes.csv,0.3359999955,0.320397824,0,0.2099999934,0.2005686313,0.8399999738,0.7959154248,Tue Apr 18 16:44:48 2017
model-builder,network-TrevorYamazaki-0-regularized,10000,6,0.35,100,12,200,lstm,600,0,200,FALSE,25,200,TRUE,0.01,TRUE,0.75,FALSE,0.7,FALSE,vectors.txt,TRUE,TRUE,validation_data_top_5_subreddit_allvotes.csv,training_data_top_5_subreddit_allvotes.csv,testing_data_top_5_subreddit_allvotes.csv,0.3357608318,0.3095908463,32,0.2455156893,0.2257871181,0.5309090614,0.4923225343,Sat Apr 29 18:59:33 2017
model-builder,network-MarcieWalters-4-round3-regularized,12000,6,0.1,300,25,200,gru,300,0,50,TRUE,100,750,TRUE,0.01,TRUE,0.75,FALSE,0.8,TRUE,vectors300d.txt,TRUE,TRUE,validation_data_top_5_subreddit_allvotes.csv,training_data_top_5_subreddit_allvotes.csv,testing_data_top_5_subreddit_allvotes.csv,0.3351433575,0.351811409,266,0.2439682335,0.2567266226,0.5351310968,0.5587622523,Fri Apr 21 21:13:54 2017
model-builder,network87,15000,6,0.5,100,25,150,lstm,150,3,100,TRUE,50,250,FALSE,0.1,FALSE,0.9,FALSE,0.5,FALSE,vectors.txt,TRUE,FALSE,validation_data_top_5_subreddit_allvotes.csv,training_data_top_5_subreddit_allvotes.csv,testing_data_top_5_subreddit_allvotes.csv,0.3340939283,0.322584331,249,0.2076017708,0.2007699758,0.8551200032,0.8202742338,Thu Apr 27 00:22:10 2017
model-builder,network-2017-04-17 11:58:19.730634-16,19000,6,0.15,150,40,400,gru,750,5,100,TRUE,25,50,TRUE,0.05,FALSE,0.9,FALSE,0.2,TRUE,vectors150d.txt,FALSE,FALSE,validation_data_top_5_subreddit_allvotes.csv,training_data_top_5_subreddit_allvotes.csv,testing_data_top_5_subreddit_allvotes.csv,0.333907038,0.3107444346,4,0.2127192914,0.1977841258,0.7760000229,0.7245644331,Mon Apr 17 18:30:58 2017
model-builder,manual6,19000,6,0.2,150,10,500,gru,550,1,20,FALSE,25,250,FALSE,0.1,FALSE,0.75,FALSE,0.2,TRUE,vectors150d.txt,TRUE,TRUE,validation_data_top_5_subreddit_allvotes.csv,training_data_top_5_subreddit_allvotes.csv,testing_data_top_5_subreddit_allvotes.csv,0.3333333433,0.2363995463,1,0.2372881323,0.1675107181,0.5600000024,0.40152812,Mon May  1 23:04:56 2017
model-builder,network90,17000,6,0.4,100,30,300,lstm,300,3,50,TRUE,50,50,TRUE,0.01,FALSE,0.9,FALSE,0.6,TRUE,vectors.txt,TRUE,TRUE,validation_data_top_5_subreddit_allvotes.csv,training_data_top_5_subreddit_allvotes.csv,testing_data_top_5_subreddit_allvotes.csv,0.3333333433,0.2631629109,0,0.25,0.1979121715,0.5,0.3926021159,Wed Apr 19 13:29:21 2017
model-builder,network-2017-04-18 18:26:45.424224-11,15000,6,0.3,300,30,200,gru,450,0,200,TRUE,25,50,FALSE,0.01,TRUE,0.5,FALSE,0.3,FALSE,vectors300d.txt,FALSE,FALSE,validation_data_top_5_subreddit_allvotes.csv,training_data_top_5_subreddit_allvotes.csv,testing_data_top_5_subreddit_allvotes.csv,0.3333333135,0.3059611917,0,0.2207792252,0.2031572014,0.6800000072,0.6193944812,Tue Apr 18 21:20:20 2017
model-builder,network72,12000,6,0.2,100,30,300,lstm,300,3,50,FALSE,100,250,FALSE,0.05,TRUE,0.9,FALSE,0.5,FALSE,vectors.txt,TRUE,FALSE,validation_data_top_5_subreddit_allvotes.csv,training_data_top_5_subreddit_allvotes.csv,testing_data_top_5_subreddit_allvotes.csv,0.3333333135,0.3356100619,250,0.200000003,0.2016414702,1,1,Thu Apr 27 08:50:18 2017
model-builder,network2,19000,6,0.05,100,35,500,lstm,300,1,200,FALSE,25,250,FALSE,0.01,TRUE,0.75,FALSE,0.4,FALSE,vectors.txt,TRUE,nan,validation_data_top_5_subreddit_allvotes.csv,training_data_top_5_subreddit_allvotes.csv,testing_data_top_5_subreddit_allvotes.csv,0.3330925405,0.3354448974,249,0.1999871433,0.201673165,0.9959999919,0.9963004589,Thu Apr 27 01:30:15 2017
model-builder,network-2017-04-17 11:58:19.730634-7,12000,6,0.15,100,30,150,gru,300,3,200,TRUE,25,50,TRUE,0.1,TRUE,0.9,FALSE,0.2,FALSE,vectors.txt,FALSE,FALSE,validation_data_top_5_subreddit_allvotes.csv,training_data_top_5_subreddit_allvotes.csv,testing_data_top_5_subreddit_allvotes.csv,0.3329341114,0.3020561934,23,0.2188976407,0.1985231191,0.6949999928,0.6312779784,Mon Apr 17 14:35:07 2017
model-builder,network72,12000,6,0.2,100,30,300,lstm,300,3,50,FALSE,100,250,FALSE,0.05,TRUE,0.9,FALSE,0.5,FALSE,vectors.txt,TRUE,FALSE,validation_data_top_5_subreddit_allvotes.csv,training_data_top_5_subreddit_allvotes.csv,testing_data_top_5_subreddit_allvotes.csv,0.3328478336,0.3352279663,249,0.1997962594,0.2015012354,0.9963600039,0.9966700673,Thu Apr 27 01:56:45 2017
model-builder,network-JeanCaverly-2,15000,6,0.4,300,12,200,lstm,450,3,50,FALSE,25,200,FALSE,0.01,TRUE,0.75,FALSE,0.5,TRUE,vectors300d.txt,FALSE,TRUE,validation_data_top_5_subreddit_allvotes.csv,training_data_top_5_subreddit_allvotes.csv,testing_data_top_5_subreddit_allvotes.csv,0.3325918615,0.3075602055,199,0.2138688564,0.1982632577,0.747600019,0.6854041815,Sat Apr 29 17:29:44 2017
model-builder,network2,19000,6,0.05,100,35,500,lstm,300,1,200,FALSE,25,50,FALSE,0.01,TRUE,0.75,FALSE,0.4,FALSE,vectors.txt,TRUE,,validation_data_top_5_subreddit_allvotes.csv,training_data_top_5_subreddit_allvotes.csv,testing_data_top_5_subreddit_allvotes.csv,0.3322969079,0.3346847892,49,0.1999349296,0.2017093599,0.9832000136,0.9821794033,Mon Apr 17 00:08:23 2017
model-builder,network-2017-04-17 19:26:36.803863-1,17000,6,0.4,300,40,200,gru,750,4,50,TRUE,100,50,FALSE,0.01,FALSE,0.9,FALSE,0.7,FALSE,vectors300d.txt,FALSE,FALSE,validation_data_top_5_subreddit_allvotes.csv,training_data_top_5_subreddit_allvotes.csv,testing_data_top_5_subreddit_allvotes.csv,0.3322458267,0.3350384831,49,0.1997088641,0.2016614527,0.9878000021,0.9894544482,Tue Apr 18 00:28:24 2017
model-builder,network-2017-04-17 19:26:36.803863-5,15000,6,0.5,300,25,300,lstm,600,3,50,FALSE,25,50,TRUE,0.05,TRUE,0.9,FALSE,0.5,TRUE,vectors300d.txt,FALSE,FALSE,validation_data_top_5_subreddit_allvotes.csv,training_data_top_5_subreddit_allvotes.csv,testing_data_top_5_subreddit_allvotes.csv,0.3314626515,0.3090971708,49,0.2122641504,0.1983355135,0.7559999824,0.7000371218,Tue Apr 18 03:25:47 2017
model-builder,network28,19000,6,0.15,100,25,250,gru,300,2,50,FALSE,50,50,FALSE,0.01,FALSE,0.9,FALSE,0.8,TRUE,vectors.txt,TRUE,FALSE,validation_data_top_5_subreddit_allvotes.csv,training_data_top_5_subreddit_allvotes.csv,testing_data_top_5_subreddit_allvotes.csv,0.3308906555,0.3314638138,11,0.199118048,0.1998266578,0.978333354,0.9713415504,Tue Apr 18 16:25:39 2017
model-builder,network72,12000,6,0.2,100,30,300,lstm,300,3,50,FALSE,100,50,FALSE,0.05,TRUE,0.9,FALSE,0.5,FALSE,vectors.txt,TRUE,FALSE,validation_data_top_5_subreddit_allvotes.csv,training_data_top_5_subreddit_allvotes.csv,testing_data_top_5_subreddit_allvotes.csv,0.3307681978,0.3334451914,49,0.1989605278,0.2008669227,0.9800000191,0.9808083177,Wed Apr 19 08:04:25 2017
model-builder,network-2017-04-18 18:26:45.424224-2,12000,6,0.35,100,40,150,lstm,150,4,50,TRUE,25,50,TRUE,0.1,TRUE,0.75,FALSE,0.7,FALSE,vectors.txt,FALSE,TRUE,validation_data_top_5_subreddit_allvotes.csv,training_data_top_5_subreddit_allvotes.csv,testing_data_top_5_subreddit_allvotes.csv,0.3306514323,0.3124886453,32,0.210369885,0.1991104484,0.772121191,0.7257450223,Tue Apr 18 19:24:00 2017
model-builder,network-2017-04-17 19:26:36.803863-0,12000,6,0.15,150,20,400,lstm,450,1,50,FALSE,25,50,TRUE,0.05,TRUE,0.9,FALSE,0.2,TRUE,vectors150d.txt,TRUE,TRUE,validation_data_top_5_subreddit_allvotes.csv,training_data_top_5_subreddit_allvotes.csv,testing_data_top_5_subreddit_allvotes.csv,0.3294407129,0.3014023602,46,0.2169454992,0.1989578903,0.684255302,0.6213270426,Mon Apr 17 23:46:43 2017
model-builder,network49,12000,6,0.1,300,30,250,gru,150,3,50,FALSE,25,50,TRUE,0.05,TRUE,0.75,FALSE,0.5,TRUE,vectors300d.txt,FALSE,TRUE,validation_data_top_5_subreddit_allvotes.csv,training_data_top_5_subreddit_allvotes.csv,testing_data_top_5_subreddit_allvotes.csv,0.3291375339,0.3038386106,40,0.2162327766,0.2001333237,0.6887804866,0.630607307,Wed Apr 19 00:08:19 2017
model-builder,manual5,19000,6,0.2,150,10,500,gru,550,1,20,FALSE,25,250,FALSE,0.1,FALSE,0.75,FALSE,0.2,TRUE,vectors150d.txt,TRUE,TRUE,validation_data_top_5_subreddit_allvotes.csv,training_data_top_5_subreddit_allvotes.csv,testing_data_top_5_subreddit_allvotes.csv,0.3291187882,0.3388043642,233,0.2025916576,0.2083663791,0.876581192,0.905901134,Mon May  1 21:53:06 2017
model-builder,manual2,19000,6,0.2,150,10,800,gru,750,1,25,TRUE,25,100,FALSE,0.1,FALSE,0.75,FALSE,0.2,TRUE,vectors150d.txt,TRUE,TRUE,validation_data_top_5_subreddit_allvotes.csv,training_data_top_5_subreddit_allvotes.csv,testing_data_top_5_subreddit_allvotes.csv,0.3289563358,0.3337468207,99,0.1983996034,0.2015614361,0.9620000124,0.9696500897,Mon May  1 18:03:36 2017
model-builder,network65,15000,6,0.5,150,25,300,gru,150,3,100,FALSE,100,50,FALSE,0.1,FALSE,0.75,FALSE,0.2,TRUE,vectors150d.txt,TRUE,FALSE,validation_data_top_5_subreddit_allvotes.csv,training_data_top_5_subreddit_allvotes.csv,testing_data_top_5_subreddit_allvotes.csv,0.3281995058,0.330653429,21,0.1981871426,0.1999214888,0.9540908933,0.9554153085,Wed Apr 19 06:43:58 2017
model-builder,manual3,19000,6,0.2,150,10,500,gru,750,1,25,TRUE,25,100,FALSE,0.1,FALSE,0.75,FALSE,0.2,TRUE,vectors150d.txt,TRUE,TRUE,validation_data_top_5_subreddit_allvotes.csv,training_data_top_5_subreddit_allvotes.csv,testing_data_top_5_subreddit_allvotes.csv,0.3280283809,0.3336678743,99,0.1985028237,0.2025354058,0.9440000057,0.9464538693,Mon May  1 18:47:05 2017
model-builder,network61,10000,6,0.4,300,35,400,lstm,150,1,200,TRUE,50,50,TRUE,0.05,FALSE,0.5,FALSE,0.4,TRUE,vectors300d.txt,FALSE,FALSE,validation_data_top_5_subreddit_allvotes.csv,training_data_top_5_subreddit_allvotes.csv,testing_data_top_5_subreddit_allvotes.csv,0.3278081119,0.3009775579,48,0.2191931754,0.20165205,0.6497958899,0.5931279063,Wed Apr 19 05:16:22 2017
model-builder,network-2017-04-16 14:23:58.227713-0,19000,6,0.05,300,30,250,gru,300,1,100,TRUE,50,5,TRUE,0.1,FALSE,0.9,FALSE,0.6,FALSE,vectors300d.txt,FALSE,TRUE,validation_data_top_5_subreddit_allvotes.csv,training_data_top_5_subreddit_allvotes.csv,testing_data_top_5_subreddit_allvotes.csv,0.3265306354,0.324173063,4,0.2156611085,0.2136573493,0.6719999909,0.6715224385,Sun Apr 16 14:32:57 2017
model-builder,network19,19000,6,0.2,300,25,400,gru,500,3,50,TRUE,50,50,TRUE,0.1,TRUE,0.5,TRUE,0.8,FALSE,vectors300d.txt,TRUE,TRUE,validation_data_top_5_subreddit_allvotes.csv,training_data_top_5_subreddit_allvotes.csv,testing_data_top_5_subreddit_allvotes.csv,0.3261802495,0.2581681609,0,0.207650274,0.1696918011,0.7599999905,0.5394173265,Tue Apr 18 13:35:32 2017
model-builder,network67,19000,6,0.15,300,30,300,gru,150,3,100,TRUE,50,50,TRUE,0.01,TRUE,0.75,FALSE,0.7,FALSE,vectors300d.txt,TRUE,FALSE,validation_data_top_5_subreddit_allvotes.csv,training_data_top_5_subreddit_allvotes.csv,testing_data_top_5_subreddit_allvotes.csv,0.3252726495,0.306322962,18,0.2099143267,0.1981328428,0.7221052647,0.6747921705,Wed Apr 19 06:57:42 2017
model-builder,network77,19000,6,0.15,100,20,150,gru,500,3,100,TRUE,100,50,TRUE,0.01,FALSE,0.9,TRUE,0.4,FALSE,vectors.txt,FALSE,TRUE,validation_data_top_5_subreddit_allvotes.csv,training_data_top_5_subreddit_allvotes.csv,testing_data_top_5_subreddit_allvotes.csv,0.3249999881,0.2990264893,0,0.2166666687,0.1997600198,0.6499999762,0.594401598,Wed Apr 19 09:49:30 2017
model-builder,network58,17000,6,0.5,150,30,500,lstm,300,3,50,TRUE,50,50,TRUE,0.1,TRUE,0.5,TRUE,0.4,FALSE,vectors150d.txt,TRUE,TRUE,validation_data_top_5_subreddit_allvotes.csv,training_data_top_5_subreddit_allvotes.csv,testing_data_top_5_subreddit_allvotes.csv,0.3244908154,0.3026655316,49,0.2158625275,0.2017074376,0.6531999707,0.6059582829,Wed Apr 19 04:25:30 2017
model-builder,network-2017-04-19 01:12:13.058082-25,10000,6,0.05,150,35,250,gru,600,4,200,FALSE,100,50,TRUE,0.1,TRUE,0.9,FALSE,0.4,FALSE,vectors150d.txt,TRUE,FALSE,validation_data_top_5_subreddit_allvotes.csv,training_data_top_5_subreddit_allvotes.csv,testing_data_top_5_subreddit_allvotes.csv,0.3235472143,0.3269382715,20,0.1977347285,0.2001412809,0.8895238042,0.8921464682,Wed Apr 19 07:27:36 2017
model-builder,network46,19000,6,0.1,100,20,150,gru,150,3,50,FALSE,50,200,TRUE,0.01,TRUE,0.75,FALSE,0.6,FALSE,vectors.txt,FALSE,TRUE,validation_data_top_5_subreddit_allvotes.csv,training_data_top_5_subreddit_allvotes.csv,testing_data_top_5_subreddit_allvotes.csv,0.3215018809,0.3066762686,15,0.2100421637,0.2008046061,0.6850000024,0.6486896873,Mon Apr 24 01:37:48 2017
model-builder,network41,15000,6,0.15,300,30,150,gru,150,2,100,FALSE,50,50,FALSE,0.05,TRUE,0.75,FALSE,0.2,TRUE,vectors300d.txt,TRUE,FALSE,validation_data_top_5_subreddit_allvotes.csv,training_data_top_5_subreddit_allvotes.csv,testing_data_top_5_subreddit_allvotes.csv,0.3211356401,0.3296898603,10,0.1942748129,0.1998362988,0.9254545569,0.9414322972,Tue Apr 18 19:36:21 2017
model-builder,network-2017-04-17 11:58:19.730634-13,12000,6,0.4,150,35,150,gru,150,0,200,TRUE,50,50,TRUE,0.05,FALSE,0.75,TRUE,0.7,TRUE,vectors150d.txt,TRUE,FALSE,validation_data_top_5_subreddit_allvotes.csv,training_data_top_5_subreddit_allvotes.csv,testing_data_top_5_subreddit_allvotes.csv,0.3209876418,0.2571312785,0,0.2321428508,0.1878332943,0.5199999809,0.4074550271,Mon Apr 17 16:23:16 2017
model-builder,network14,12000,6,0.1,300,40,400,lstm,300,2,50,FALSE,50,50,TRUE,0.1,TRUE,0.75,FALSE,0.8,TRUE,vectors300d.txt,TRUE,,validation_data_top_5_subreddit_allvotes.csv,training_data_top_5_subreddit_allvotes.csv,testing_data_top_5_subreddit_allvotes.csv,0.3206655681,0.2973784804,49,0.2157269269,0.2004291713,0.6244000196,0.5759897232,Mon Apr 17 03:01:28 2017
model-builder,network-2017-04-17 11:58:19.730634-15,15000,6,0.4,100,30,300,lstm,600,2,200,TRUE,100,50,TRUE,0.01,FALSE,0.75,FALSE,0.5,FALSE,vectors.txt,TRUE,TRUE,validation_data_top_5_subreddit_allvotes.csv,training_data_top_5_subreddit_allvotes.csv,testing_data_top_5_subreddit_allvotes.csv,0.3204282224,0.3229988813,48,0.1952985376,0.1972036064,0.8918367624,0.8920046091,Mon Apr 17 18:24:42 2017
model-builder,network18,15000,6,0.5,300,35,200,gru,500,1,200,FALSE,50,50,TRUE,0.1,TRUE,0.75,FALSE,0.5,TRUE,vectors300d.txt,TRUE,FALSE,validation_data_top_5_subreddit_allvotes.csv,training_data_top_5_subreddit_allvotes.csv,testing_data_top_5_subreddit_allvotes.csv,0.320056051,0.3010007739,49,0.2134276628,0.2009193897,0.6395999789,0.599742949,Tue Apr 18 13:23:39 2017
model-builder,network-NicholasPetela-1,15000,6,0.4,300,25,250,lstm,450,5,100,FALSE,50,50,TRUE,0.05,FALSE,0.9,TRUE,0.2,FALSE,vectors300d.txt,FALSE,TRUE,validation_data_top_5_subreddit_allvotes.csv,training_data_top_5_subreddit_allvotes.csv,testing_data_top_5_subreddit_allvotes.csv,0.3200000226,0.3213526011,0,0.200000003,0.2011808753,0.8000000119,0.7980576754,Thu Apr 20 23:56:54 2017
model-builder,network81,12000,6,0.35,300,40,150,gru,300,0,200,TRUE,50,50,FALSE,0.1,FALSE,0.9,TRUE,0.4,TRUE,vectors300d.txt,TRUE,TRUE,validation_data_top_5_subreddit_allvotes.csv,training_data_top_5_subreddit_allvotes.csv,testing_data_top_5_subreddit_allvotes.csv,0.3199999928,0.300750792,0,0.2133333385,0.2009119242,0.6399999857,0.5978291631,Wed Apr 19 10:59:13 2017
model-builder,network-2017-04-16 14:23:58.227713-2,10000,6,0.1,100,25,400,lstm,750,3,100,TRUE,25,5,TRUE,0.01,FALSE,0.75,FALSE,0.3,FALSE,vectors.txt,FALSE,FALSE,validation_data_top_5_subreddit_allvotes.csv,training_data_top_5_subreddit_allvotes.csv,testing_data_top_5_subreddit_allvotes.csv,0.3198653162,0.3012466431,4,0.2025586367,0.1911901534,0.7599999905,0.709882915,Sun Apr 16 15:00:22 2017
model-builder,network32,17000,6,0.2,100,35,400,lstm,300,1,200,FALSE,50,50,FALSE,0.1,FALSE,0.75,FALSE,0.8,TRUE,vectors.txt,TRUE,TRUE,validation_data_top_5_subreddit_allvotes.csv,training_data_top_5_subreddit_allvotes.csv,testing_data_top_5_subreddit_allvotes.csv,0.3197794557,0.340767473,23,0.2207421511,0.2356769592,0.5799999833,0.6150028706,Tue Apr 18 17:06:43 2017
model-builder,network93,17000,6,0.5,300,25,300,lstm,300,1,100,FALSE,50,50,FALSE,0.01,FALSE,0.9,FALSE,0.5,TRUE,vectors300d.txt,FALSE,FALSE,validation_data_top_5_subreddit_allvotes.csv,training_data_top_5_subreddit_allvotes.csv,testing_data_top_5_subreddit_allvotes.csv,0.3196434081,0.3294020295,49,0.1995230466,0.2057575583,0.8032000065,0.8254098892,Wed Apr 19 14:42:43 2017
model-builder,network24,19000,6,0.35,100,30,300,gru,300,2,100,FALSE,25,50,TRUE,0.01,TRUE,0.75,TRUE,0.3,TRUE,vectors.txt,FALSE,FALSE,validation_data_top_5_subreddit_allvotes.csv,training_data_top_5_subreddit_allvotes.csv,testing_data_top_5_subreddit_allvotes.csv,0.318593502,0.265096873,49,0.2388178855,0.199305743,0.478399992,0.395726949,Tue Apr 18 14:00:23 2017
model-builder,network-2017-04-19 12:19:10.037651-0,15000,6,0.4,150,25,150,gru,600,1,200,FALSE,25,50,TRUE,0.01,TRUE,0.5,TRUE,0.3,FALSE,vectors150d.txt,TRUE,TRUE,validation_data_top_5_subreddit_allvotes.csv,training_data_top_5_subreddit_allvotes.csv,testing_data_top_5_subreddit_allvotes.csv,0.31844154,0.2682985365,49,0.2357692271,0.1991734505,0.4903999865,0.4109083116,Wed Apr 19 12:25:41 2017
model-builder,network-2017-04-18 18:26:45.424224-7,15000,6,0.1,100,25,200,gru,150,2,200,FALSE,25,50,TRUE,0.1,FALSE,0.9,FALSE,0.7,TRUE,vectors.txt,TRUE,FALSE,validation_data_top_5_subreddit_allvotes.csv,training_data_top_5_subreddit_allvotes.csv,testing_data_top_5_subreddit_allvotes.csv,0.3184098601,0.3127457201,44,0.2033522278,0.2000867724,0.7333333492,0.7157478929,Tue Apr 18 20:41:02 2017
model-builder,manual4,19000,6,0.2,150,10,500,gru,550,1,20,FALSE,25,100,FALSE,0.1,FALSE,0.75,FALSE,0.2,TRUE,vectors150d.txt,TRUE,TRUE,validation_data_top_5_subreddit_allvotes.csv,training_data_top_5_subreddit_allvotes.csv,testing_data_top_5_subreddit_allvotes.csv,0.317923367,0.3377146125,98,0.1996894479,0.2130028754,0.7793939114,0.8147383332,Mon May  1 20:27:13 2017
model-builder,network-2017-04-19 12:19:10.037651-2,10000,6,0.1,300,35,250,lstm,300,2,50,FALSE,50,50,TRUE,0.05,TRUE,0.75,FALSE,0.4,FALSE,vectors300d.txt,FALSE,FALSE,validation_data_top_5_subreddit_allvotes.csv,training_data_top_5_subreddit_allvotes.csv,testing_data_top_5_subreddit_allvotes.csv,0.3175355494,0.3048571348,3,0.2080745399,0.2011784315,0.6700000167,0.6290345788,Wed Apr 19 12:28:31 2017
model-builder,network86,12000,6,0.2,100,35,300,gru,300,1,50,TRUE,50,50,FALSE,0.01,FALSE,0.5,FALSE,0.6,FALSE,vectors.txt,TRUE,TRUE,validation_data_top_5_subreddit_allvotes.csv,training_data_top_5_subreddit_allvotes.csv,testing_data_top_5_subreddit_allvotes.csv,0.3172461689,0.3205180168,34,0.1991531551,0.2015280426,0.7794285417,0.7825886607,Wed Apr 19 12:45:45 2017
model-builder,network71,17000,6,0.05,100,25,300,lstm,500,2,100,FALSE,50,50,TRUE,0.05,TRUE,0.75,TRUE,0.8,FALSE,vectors.txt,TRUE,TRUE,validation_data_top_5_subreddit_allvotes.csv,training_data_top_5_subreddit_allvotes.csv,testing_data_top_5_subreddit_allvotes.csv,0.3161764443,0.2918685675,0,0.1936936975,0.179375574,0.8600000143,0.7827763557,Wed Apr 19 07:59:15 2017
model-builder,network88,19000,6,0.5,100,35,500,gru,300,2,100,TRUE,50,50,TRUE,0.1,TRUE,0.5,FALSE,0.7,TRUE,vectors.txt,TRUE,TRUE,validation_data_top_5_subreddit_allvotes.csv,training_data_top_5_subreddit_allvotes.csv,testing_data_top_5_subreddit_allvotes.csv,0.3160338998,0.2930037677,45,0.2155868858,0.2003397793,0.5917391181,0.5451579094,Wed Apr 19 13:08:47 2017
model-builder,network22,19000,6,0.3,100,20,150,lstm,300,3,50,FALSE,100,50,TRUE,0.05,FALSE,0.9,FALSE,0.6,FALSE,vectors.txt,FALSE,FALSE,validation_data_top_5_subreddit_allvotes.csv,training_data_top_5_subreddit_allvotes.csv,testing_data_top_5_subreddit_allvotes.csv,0.3157894909,0.3202682436,23,0.1968730688,0.2000441998,0.7975000143,0.8026516438,Tue Apr 18 13:50:17 2017
model-builder,network-2017-04-17 19:26:36.803863-9,19000,6,0.1,150,35,400,lstm,600,3,200,FALSE,50,50,TRUE,0.05,TRUE,0.9,FALSE,0.2,FALSE,vectors150d.txt,FALSE,FALSE,validation_data_top_5_subreddit_allvotes.csv,training_data_top_5_subreddit_allvotes.csv,testing_data_top_5_subreddit_allvotes.csv,0.3149808049,0.3035949767,6,0.2029702961,0.1959721446,0.7028571367,0.6734198332,Tue Apr 18 12:22:46 2017
model-builder,network-2017-04-20 02:21:22.038691-1,12000,6,0.1,100,35,400,lstm,450,4,50,FALSE,50,150,TRUE,0.1,FALSE,0.9,FALSE,0.5,TRUE,vectors.txt,FALSE,TRUE,validation_data_top_5_subreddit_allvotes.csv,training_data_top_5_subreddit_allvotes.csv,testing_data_top_5_subreddit_allvotes.csv,0.3144347966,0.3033888638,26,0.2054545432,0.198619023,0.6696296334,0.6420810819,Thu Apr 20 02:44:26 2017
model-builder,network80,10000,6,0.3,300,20,200,gru,300,1,100,FALSE,25,50,FALSE,0.01,FALSE,0.9,FALSE,0.2,TRUE,vectors300d.txt,TRUE,TRUE,validation_data_top_5_subreddit_allvotes.csv,training_data_top_5_subreddit_allvotes.csv,testing_data_top_5_subreddit_allvotes.csv,0.3143989444,0.2850920856,7,0.2136445194,0.1922232211,0.5950000286,0.5515745282,Wed Apr 19 10:36:37 2017
model-builder,network-2017-04-19 01:12:13.058082-4,12000,6,0.35,150,40,400,lstm,150,0,100,FALSE,25,50,FALSE,0.05,FALSE,0.9,FALSE,0.2,TRUE,vectors150d.txt,FALSE,FALSE,validation_data_top_5_subreddit_allvotes.csv,training_data_top_5_subreddit_allvotes.csv,testing_data_top_5_subreddit_allvotes.csv,0.3137254715,0.2741678655,0,0.2077922076,0.1835933775,0.6399999857,0.5411310792,Wed Apr 19 02:27:20 2017
model-builder,network50,12000,6,0.15,150,25,200,lstm,150,3,200,FALSE,50,50,FALSE,0.01,TRUE,0.5,FALSE,0.7,FALSE,vectors150d.txt,TRUE,FALSE,validation_data_top_5_subreddit_allvotes.csv,training_data_top_5_subreddit_allvotes.csv,testing_data_top_5_subreddit_allvotes.csv,0.3125963807,0.3229386508,6,0.1905956119,0.1974063069,0.8685714006,0.8869710565,Wed Apr 19 00:13:56 2017
model-builder,network16,12000,6,0.4,100,30,400,gru,150,0,50,TRUE,50,50,TRUE,0.05,TRUE,0.75,FALSE,0.6,FALSE,vectors.txt,TRUE,FALSE,validation_data_top_5_subreddit_allvotes.csv,training_data_top_5_subreddit_allvotes.csv,testing_data_top_5_subreddit_allvotes.csv,0.3108808398,0.2688294053,0,0.2097902149,0.1828139424,0.6000000238,0.5077120662,Tue Apr 18 12:42:21 2017
model-builder,network-2017-04-18 18:26:45.424224-6,19000,6,0.15,150,35,300,gru,150,0,200,FALSE,100,50,FALSE,0.1,TRUE,0.75,FALSE,0.6,TRUE,vectors150d.txt,FALSE,TRUE,validation_data_top_5_subreddit_allvotes.csv,training_data_top_5_subreddit_allvotes.csv,testing_data_top_5_subreddit_allvotes.csv,0.3101647198,0.3067507744,8,0.2429200709,0.2365294397,0.4288888872,0.4362721741,Tue Apr 18 20:35:48 2017
model-builder,network75,12000,6,0.4,150,30,400,gru,150,2,100,FALSE,25,50,TRUE,0.01,TRUE,0.9,FALSE,0.7,FALSE,vectors150d.txt,TRUE,TRUE,validation_data_top_5_subreddit_allvotes.csv,training_data_top_5_subreddit_allvotes.csv,testing_data_top_5_subreddit_allvotes.csv,0.3089244962,0.3074456751,31,0.2002967298,0.1997892261,0.6750000119,0.666693449,Wed Apr 19 09:26:32 2017
model-builder,network-2017-04-18 11:55:46.528432-2,12000,6,0.15,300,20,200,lstm,450,5,200,TRUE,50,50,TRUE,0.1,TRUE,0.9,FALSE,0.8,TRUE,vectors300d.txt,FALSE,FALSE,validation_data_top_5_subreddit_allvotes.csv,training_data_top_5_subreddit_allvotes.csv,testing_data_top_5_subreddit_allvotes.csv,0.3088467717,0.3191763461,9,0.1924212575,0.1991496086,0.7820000052,0.8033561707,Tue Apr 18 12:19:22 2017
model-builder,network92,17000,6,0.3,100,25,250,lstm,150,2,100,TRUE,100,50,TRUE,0.01,TRUE,0.9,FALSE,0.4,TRUE,vectors.txt,FALSE,TRUE,validation_data_top_5_subreddit_allvotes.csv,training_data_top_5_subreddit_allvotes.csv,testing_data_top_5_subreddit_allvotes.csv,0.3084733784,0.3149934113,35,0.1952570975,0.1997971237,0.7341666818,0.743902564,Wed Apr 19 14:35:41 2017
model-builder,network-2017-04-18 18:26:45.424224-3,10000,6,0.35,300,20,150,gru,600,4,50,FALSE,100,50,TRUE,0.01,FALSE,0.75,FALSE,0.7,TRUE,vectors300d.txt,FALSE,TRUE,validation_data_top_5_subreddit_allvotes.csv,training_data_top_5_subreddit_allvotes.csv,testing_data_top_5_subreddit_allvotes.csv,0.3079985678,0.3018560112,41,0.2042242587,0.2004723847,0.6261904836,0.6107030511,Tue Apr 18 19:26:57 2017
model-builder,network-2017-04-17 19:26:36.803863-6,19000,6,0.35,300,40,200,gru,300,2,100,FALSE,50,50,FALSE,0.01,FALSE,0.75,FALSE,0.5,TRUE,vectors300d.txt,FALSE,TRUE,validation_data_top_5_subreddit_allvotes.csv,training_data_top_5_subreddit_allvotes.csv,testing_data_top_5_subreddit_allvotes.csv,0.3075804114,0.3290426433,49,0.1879779547,0.2014143914,0.845600009,0.8981890678,Tue Apr 18 04:55:42 2017
model-builder,network-2017-04-17 11:58:19.730634-5,15000,6,0.3,100,30,250,lstm,450,2,100,TRUE,50,50,FALSE,0.05,TRUE,0.9,FALSE,0.3,TRUE,vectors.txt,TRUE,TRUE,validation_data_top_5_subreddit_allvotes.csv,training_data_top_5_subreddit_allvotes.csv,testing_data_top_5_subreddit_allvotes.csv,0.305084765,0.2235836387,0,0.2647058964,0.1943272948,0.3600000143,0.2632105052,Mon Apr 17 14:31:14 2017
model-builder,network-2017-04-16 14:23:58.227713-4,17000,6,0.35,150,30,200,gru,750,4,50,FALSE,50,5,FALSE,0.1,TRUE,0.75,TRUE,0.4,TRUE,vectors150d.txt,TRUE,TRUE,validation_data_top_5_subreddit_allvotes.csv,training_data_top_5_subreddit_allvotes.csv,testing_data_top_5_subreddit_allvotes.csv,0.305084765,0.2718808353,0,0.2125984281,0.1931913942,0.5400000215,0.4587260783,Sun Apr 16 15:28:10 2017
model-builder,network-MarcieWalters-4-round2,12000,6,0.1,300,25,200,gru,300,0,50,TRUE,100,250,FALSE,0.01,FALSE,0.9,FALSE,0.8,TRUE,vectors300d.txt,TRUE,TRUE,validation_data_top_5_subreddit_allvotes.csv,training_data_top_5_subreddit_allvotes.csv,testing_data_top_5_subreddit_allvotes.csv,0.3047679663,0.41722247,249,0.245484978,0.3385303617,0.4018000066,0.5435783863,Fri Apr 21 06:56:09 2017
model-builder,network-MarcieWalters-4-round3,12000,6,0.1,300,25,200,gru,300,0,50,TRUE,100,1500,FALSE,0.01,FALSE,0.9,FALSE,0.8,TRUE,vectors300d.txt,TRUE,TRUE,validation_data_top_5_subreddit_allvotes.csv,training_data_top_5_subreddit_allvotes.csv,testing_data_top_5_subreddit_allvotes.csv,0.3047318161,0.4448619187,1499,0.2159265429,0.3206106126,0.5176133513,0.7263596058,Fri Apr 21 17:47:27 2017
model-builder,network66,10000,6,0.5,100,25,300,gru,500,3,100,TRUE,100,50,TRUE,0.1,TRUE,0.5,FALSE,0.2,TRUE,vectors.txt,TRUE,FALSE,validation_data_top_5_subreddit_allvotes.csv,training_data_top_5_subreddit_allvotes.csv,testing_data_top_5_subreddit_allvotes.csv,0.3046084046,0.3021197617,10,0.1971115321,0.1959404796,0.6700000167,0.6594998837,Wed Apr 19 06:50:12 2017
model-builder,network-2017-04-19 01:12:13.058082-20,17000,6,0.1,100,35,250,lstm,600,3,100,TRUE,50,50,FALSE,0.1,FALSE,0.5,FALSE,0.3,TRUE,vectors.txt,TRUE,TRUE,validation_data_top_5_subreddit_allvotes.csv,training_data_top_5_subreddit_allvotes.csv,testing_data_top_5_subreddit_allvotes.csv,0.3045762777,0.3179338276,49,0.193225801,0.202050671,0.7188000083,0.7455098629,Wed Apr 19 06:40:50 2017
model-builder,network89,15000,6,0.3,100,25,150,lstm,500,3,100,TRUE,50,50,FALSE,0.1,TRUE,0.75,FALSE,0.7,TRUE,vectors.txt,TRUE,FALSE,validation_data_top_5_subreddit_allvotes.csv,training_data_top_5_subreddit_allvotes.csv,testing_data_top_5_subreddit_allvotes.csv,0.3035714328,0.3025763333,1,0.1954022944,0.1943964064,0.6800000072,0.6822336316,Wed Apr 19 13:16:01 2017
model-builder,network33,12000,6,0.15,150,30,200,gru,500,1,50,TRUE,50,50,FALSE,0.1,TRUE,0.9,FALSE,0.6,TRUE,vectors150d.txt,TRUE,TRUE,validation_data_top_5_subreddit_allvotes.csv,training_data_top_5_subreddit_allvotes.csv,testing_data_top_5_subreddit_allvotes.csv,0.3020919859,0.3067151606,49,0.1962639242,0.1987757683,0.6556000113,0.6711796522,Tue Apr 18 17:21:17 2017
model-builder,network-2017-04-17 19:56:47.501745-6,12000,6,0.5,100,40,250,gru,600,4,100,FALSE,25,50,FALSE,0.01,TRUE,0.75,TRUE,0.3,TRUE,vectors.txt,FALSE,FALSE,validation_data_top_5_subreddit_allvotes.csv,training_data_top_5_subreddit_allvotes.csv,testing_data_top_5_subreddit_allvotes.csv,0.301886797,0.2798787951,0,0.1975308657,0.1837318391,0.6399999857,0.58711797,Mon Apr 17 23:56:48 2017
model-builder,network83,19000,6,0.3,300,20,150,gru,300,0,200,FALSE,100,50,TRUE,0.1,TRUE,0.9,TRUE,0.2,TRUE,vectors300d.txt,TRUE,FALSE,validation_data_top_5_subreddit_allvotes.csv,training_data_top_5_subreddit_allvotes.csv,testing_data_top_5_subreddit_allvotes.csv,0.3014992774,0.2872185111,40,0.2095745653,0.2045538872,0.537073195,0.482008636,Wed Apr 19 11:48:12 2017
model-builder,network21,15000,6,0.4,150,40,200,gru,500,1,50,FALSE,50,50,FALSE,0.05,TRUE,0.75,FALSE,0.6,FALSE,vectors150d.txt,TRUE,TRUE,validation_data_top_5_subreddit_allvotes.csv,training_data_top_5_subreddit_allvotes.csv,testing_data_top_5_subreddit_allvotes.csv,0.3009639084,0.3190368414,49,0.1879041046,0.199611038,0.7555999756,0.7942016721,Tue Apr 18 13:46:19 2017
model-builder,network0,12000,6,0.2,300,40,200,lstm,300,3,200,TRUE,25,50,TRUE,0.05,TRUE,0.5,FALSE,0.2,TRUE,vectors300d.txt,TRUE,TRUE,validation_data_top_5_subreddit_allvotes.csv,training_data_top_5_subreddit_allvotes.csv,testing_data_top_5_subreddit_allvotes.csv,0.29938519,0.2980993688,37,0.2006449252,0.2002668083,0.5894736648,0.5828071833,Sun Apr 16 23:35:42 2017
model-builder,network-2017-04-19 01:12:13.058082-9,15000,6,0.3,300,40,200,lstm,600,0,100,TRUE,25,50,FALSE,0.05,TRUE,0.9,TRUE,0.4,FALSE,vectors300d.txt,TRUE,TRUE,validation_data_top_5_subreddit_allvotes.csv,training_data_top_5_subreddit_allvotes.csv,testing_data_top_5_subreddit_allvotes.csv,0.2979719043,0.299074024,49,0.2907153666,0.2905435264,0.3055999875,0.3081205487,Wed Apr 19 03:37:22 2017
model-builder,network-2017-04-19 12:19:10.037651-7,17000,6,0.3,150,20,250,lstm,300,4,50,TRUE,100,50,FALSE,0.1,FALSE,0.5,TRUE,0.2,FALSE,vectors150d.txt,FALSE,TRUE,validation_data_top_5_subreddit_allvotes.csv,training_data_top_5_subreddit_allvotes.csv,testing_data_top_5_subreddit_allvotes.csv,0.2974999845,0.3018033803,2,0.1830769181,0.1860109717,0.7933333516,0.7994858623,Wed Apr 19 14:03:55 2017
model-builder,manual,19000,6,0.2,150,10,800,gru,750,1,25,FALSE,25,100,FALSE,0.1,FALSE,0.75,FALSE,0.2,TRUE,vectors150d.txt,TRUE,FALSE,validation_data_top_5_subreddit_allvotes.csv,training_data_top_5_subreddit_allvotes.csv,testing_data_top_5_subreddit_allvotes.csv,0.295719862,0.2955777943,2,0.2087912112,0.2103597671,0.5066666603,0.4968580306,Mon May  1 17:21:16 2017
model-builder,network7,10000,6,0.2,150,35,200,gru,600,2,50,FALSE,100,50,FALSE,0.1,TRUE,0.9,TRUE,0.2,FALSE,vectors150d.txt,TRUE,,validation_data_top_5_subreddit_allvotes.csv,training_data_top_5_subreddit_allvotes.csv,testing_data_top_5_subreddit_allvotes.csv,0.2932551205,0.2878086865,0,0.1718213111,0.1686341912,1,0.9812910557,Mon Apr 17 01:46:04 2017
model-builder,network13,12000,6,0.35,300,25,150,gru,750,2,200,TRUE,100,50,TRUE,0.1,TRUE,0.75,FALSE,0.7,FALSE,vectors300d.txt,FALSE,,validation_data_top_5_subreddit_allvotes.csv,training_data_top_5_subreddit_allvotes.csv,testing_data_top_5_subreddit_allvotes.csv,0.2923888564,0.2904056609,31,0.1997026205,0.1983162314,0.5456249714,0.5421620607,Mon Apr 17 02:35:45 2017
model-builder,network-2017-04-19 01:12:13.058082-1,10000,6,0.05,100,20,250,lstm,600,4,100,TRUE,25,50,FALSE,0.05,FALSE,0.9,TRUE,0.3,FALSE,vectors.txt,TRUE,FALSE,validation_data_top_5_subreddit_allvotes.csv,training_data_top_5_subreddit_allvotes.csv,testing_data_top_5_subreddit_allvotes.csv,0.2920354307,0.2033099532,7,0.2619047761,0.1824814379,0.3300000131,0.2295058519,Wed Apr 19 01:36:40 2017
model-builder,network28,19000,6,0.1,300,25,150,lstm,750,3,200,TRUE,50,50,TRUE,0.05,TRUE,0.5,TRUE,0.7,TRUE,vectors300d.txt,TRUE,,validation_data_top_5_subreddit_allvotes.csv,training_data_top_5_subreddit_allvotes.csv,testing_data_top_5_subreddit_allvotes.csv,0.2914980054,0.2775664032,0,0.1827411205,0.1763682067,0.7200000286,0.6512424946,Mon Apr 17 08:01:56 2017
model-builder,network-2017-04-16 14:23:58.227713-1,17000,6,0.2,150,40,400,gru,150,1,50,TRUE,100,5,TRUE,0.1,TRUE,0.9,FALSE,0.7,TRUE,vectors150d.txt,TRUE,TRUE,validation_data_top_5_subreddit_allvotes.csv,training_data_top_5_subreddit_allvotes.csv,testing_data_top_5_subreddit_allvotes.csv,0.2904019654,0.3050717711,4,0.1826625317,0.1921601444,0.7080000043,0.7397314906,Sun Apr 16 14:45:32 2017
model-builder,network-2017-04-16 14:23:58.227713-9,19000,6,0.4,300,25,200,gru,150,3,200,TRUE,100,5,TRUE,0.05,FALSE,0.9,TRUE,0.2,TRUE,vectors300d.txt,FALSE,TRUE,validation_data_top_5_subreddit_allvotes.csv,training_data_top_5_subreddit_allvotes.csv,testing_data_top_5_subreddit_allvotes.csv,0.2875816822,0.2665828168,1,0.2135922313,0.20577842,0.4399999976,0.3783918917,Sun Apr 16 16:55:07 2017
model-builder,network-2017-04-17 19:26:36.803863-8,15000,6,0.2,150,40,300,lstm,600,5,50,FALSE,100,50,FALSE,0.01,FALSE,0.75,TRUE,0.4,FALSE,vectors150d.txt,FALSE,TRUE,validation_data_top_5_subreddit_allvotes.csv,training_data_top_5_subreddit_allvotes.csv,testing_data_top_5_subreddit_allvotes.csv,0.2866666615,0.2631629109,0,0.2150000036,0.1979121715,0.4300000072,0.3926021159,Tue Apr 18 08:17:22 2017
model-builder,network-2017-04-20 02:21:22.038691-0,10000,6,0.3,300,35,150,gru,300,5,200,FALSE,100,150,TRUE,0.1,FALSE,0.9,TRUE,0.2,FALSE,vectors300d.txt,TRUE,FALSE,validation_data_top_5_subreddit_allvotes.csv,training_data_top_5_subreddit_allvotes.csv,testing_data_top_5_subreddit_allvotes.csv,0.2860562801,0.2878014147,32,0.1726889908,0.173991695,0.8327272534,0.8320609927,Thu Apr 20 02:28:31 2017
model-builder,network4,17000,6,0.35,100,30,400,lstm,300,3,50,FALSE,25,50,TRUE,0.01,FALSE,0.5,TRUE,0.4,TRUE,vectors.txt,TRUE,,validation_data_top_5_subreddit_allvotes.csv,training_data_top_5_subreddit_allvotes.csv,testing_data_top_5_subreddit_allvotes.csv,0.2857142687,0.2719632685,0,0.1782178283,0.1701539606,0.7200000286,0.6770922542,Mon Apr 17 00:31:41 2017
model-builder,network42,12000,6,0.35,150,25,150,gru,300,1,100,FALSE,50,50,FALSE,0.1,TRUE,0.75,FALSE,0.6,TRUE,vectors150d.txt,TRUE,FALSE,validation_data_top_5_subreddit_allvotes.csv,training_data_top_5_subreddit_allvotes.csv,testing_data_top_5_subreddit_allvotes.csv,0.2843930721,0.2942255735,3,0.1849624068,0.1924779266,0.6150000095,0.6241788268,Tue Apr 18 19:45:27 2017
model-builder,network9,17000,6,0.1,100,25,250,gru,450,3,200,FALSE,100,50,FALSE,0.1,TRUE,0.5,TRUE,0.3,FALSE,vectors.txt,FALSE,,validation_data_top_5_subreddit_allvotes.csv,training_data_top_5_subreddit_allvotes.csv,testing_data_top_5_subreddit_allvotes.csv,0.2839248478,0.2762917876,0,0.1794195324,0.1754961759,0.6800000072,0.649100244,Mon Apr 17 01:52:57 2017
model-builder,network-2017-04-19 01:12:13.058082-19,15000,6,0.5,300,20,250,lstm,450,2,50,FALSE,50,50,FALSE,0.1,TRUE,0.5,TRUE,0.6,TRUE,vectors300d.txt,TRUE,TRUE,validation_data_top_5_subreddit_allvotes.csv,training_data_top_5_subreddit_allvotes.csv,testing_data_top_5_subreddit_allvotes.csv,0.2831858397,0.2456283271,0,0.1818181872,0.1573390067,0.6399999857,0.5596972108,Wed Apr 19 06:34:01 2017
model-builder,network7,10000,6,0.5,100,35,400,gru,500,3,50,FALSE,50,50,TRUE,0.05,TRUE,0.5,TRUE,0.8,FALSE,vectors.txt,FALSE,TRUE,validation_data_top_5_subreddit_allvotes.csv,training_data_top_5_subreddit_allvotes.csv,testing_data_top_5_subreddit_allvotes.csv,0.2829268277,0.2649480104,0,0.1870967746,0.177297771,0.5799999833,0.5239931345,Tue Apr 18 10:56:30 2017
model-builder,network-2017-04-19 01:12:13.058082-10,17000,6,0.35,100,25,400,gru,300,2,100,FALSE,100,50,FALSE,0.05,TRUE,0.5,TRUE,0.3,TRUE,vectors.txt,TRUE,TRUE,validation_data_top_5_subreddit_allvotes.csv,training_data_top_5_subreddit_allvotes.csv,testing_data_top_5_subreddit_allvotes.csv,0.2827225029,0.287173152,0,0.1914893687,0.1969230771,0.5400000215,0.5301342607,Wed Apr 19 03:42:10 2017
model-builder,network-MarcieWalters-4,12000,6,0.1,300,25,200,gru,300,0,50,TRUE,100,100,FALSE,0.01,FALSE,0.9,FALSE,0.8,TRUE,vectors300d.txt,TRUE,TRUE,validation_data_top_5_subreddit_allvotes.csv,training_data_top_5_subreddit_allvotes.csv,testing_data_top_5_subreddit_allvotes.csv,0.2819836736,0.3816611171,99,0.2483814508,0.3365861773,0.3260999918,0.4406755269,Fri Apr 21 03:06:24 2017
model-builder,network95,15000,6,0.35,300,25,500,lstm,500,3,50,FALSE,100,50,FALSE,0.1,TRUE,0.5,TRUE,0.2,FALSE,vectors300d.txt,TRUE,FALSE,validation_data_top_5_subreddit_allvotes.csv,training_data_top_5_subreddit_allvotes.csv,testing_data_top_5_subreddit_allvotes.csv,0.2818552554,0.2833334506,10,0.1958215237,0.1973396838,0.5027272701,0.5021552444,Wed Apr 19 14:49:58 2017
model-builder,network-2017-04-18 11:55:46.528432-19,15000,6,0.5,300,40,400,lstm,600,3,50,TRUE,25,50,FALSE,0.1,FALSE,0.75,FALSE,0.5,FALSE,vectors300d.txt,FALSE,TRUE,validation_data_top_5_subreddit_allvotes.csv,training_data_top_5_subreddit_allvotes.csv,testing_data_top_5_subreddit_allvotes.csv,0.2814458013,0.2710495591,18,0.1825000048,0.1760889143,0.614736855,0.5883131027,Tue Apr 18 16:26:27 2017
model-builder,network-2017-04-13 15:17:25.512630-0,10000,6,0.35,300,40,300,gru,600,4,100,TRUE,50,10,FALSE,0.01,TRUE,0.5,FALSE,0.7,TRUE,vectors300d.txt,FALSE,,validation_data_top_5_subreddit_allvotes.csv,training_data_top_5_subreddit_allvotes.csv,testing_data_top_5_subreddit_allvotes.csv,0.27965042,0.3157084286,9,0.1765633225,0.1997732073,0.6719999909,0.7522850633,Sat Apr 15 09:07:28 2017
model-builder,potential-1,15000,6,0.3,300,40,200,lstm,600,0,100,TRUE,25,1000,FALSE,0.01,TRUE,0.9,FALSE,0.3,TRUE,vectors300d.txt,TRUE,TRUE,validation_data_top_5_subreddit_allvotes.csv,training_data_top_5_subreddit_allvotes.csv,testing_data_top_5_subreddit_allvotes.csv,0.2742857039,0.2726255357,5,0.174545452,0.1737940907,0.6399999857,0.632057488,Thu Apr 20 01:36:15 2017
model-builder,network-RitaStewart-0,17000,6,0.2,300,35,200,gru,150,2,200,TRUE,100,50,TRUE,0.1,TRUE,0.5,TRUE,0.8,TRUE,vectors300d.txt,FALSE,FALSE,validation_data_top_5_subreddit_allvotes.csv,training_data_top_5_subreddit_allvotes.csv,testing_data_top_5_subreddit_allvotes.csv,0.272251308,0.2655912638,0,0.184397161,0.1807079911,0.5199999809,0.5008568764,Thu Apr 20 22:36:48 2017
model-builder,network15,15000,6,0.4,300,40,250,lstm,300,3,50,FALSE,100,50,FALSE,0.01,FALSE,0.5,TRUE,0.3,TRUE,vectors300d.txt,TRUE,FALSE,validation_data_top_5_subreddit_allvotes.csv,training_data_top_5_subreddit_allvotes.csv,testing_data_top_5_subreddit_allvotes.csv,0.2704626322,0.2670403421,0,0.1645021588,0.1638546437,0.7599999905,0.7212225199,Tue Apr 18 12:35:13 2017
model-builder,network13,12000,6,0.15,100,40,400,gru,150,2,100,TRUE,100,50,TRUE,0.05,FALSE,0.75,TRUE,0.7,TRUE,vectors.txt,FALSE,TRUE,validation_data_top_5_subreddit_allvotes.csv,training_data_top_5_subreddit_allvotes.csv,testing_data_top_5_subreddit_allvotes.csv,0.2666666806,0.2654604614,0,0.200000003,0.1996400356,0.400000006,0.3960297108,Tue Apr 18 12:26:01 2017
model-builder,network31,15000,6,0.05,150,40,500,gru,500,1,200,TRUE,100,50,TRUE,0.1,TRUE,0.5,TRUE,0.4,TRUE,vectors150d.txt,FALSE,FALSE,validation_data_top_5_subreddit_allvotes.csv,training_data_top_5_subreddit_allvotes.csv,testing_data_top_5_subreddit_allvotes.csv,0.2644627988,0.2285939008,0,0.1825095117,0.1577376127,0.4799999893,0.4150242805,Tue Apr 18 16:51:45 2017
model-builder,network6,12000,6,0.1,100,25,150,lstm,500,2,50,FALSE,25,50,FALSE,0.1,FALSE,0.9,TRUE,0.2,FALSE,vectors.txt,TRUE,TRUE,validation_data_top_5_subreddit_allvotes.csv,training_data_top_5_subreddit_allvotes.csv,testing_data_top_5_subreddit_allvotes.csv,0.2620689869,0.2345074117,10,0.2111111134,0.189496845,0.3454545438,0.307561487,Tue Apr 18 10:44:23 2017
model-builder,network-2017-04-18 11:55:46.528432-5,12000,6,0.3,150,25,200,lstm,300,5,50,FALSE,25,50,FALSE,0.05,FALSE,0.75,TRUE,0.6,FALSE,vectors150d.txt,TRUE,FALSE,validation_data_top_5_subreddit_allvotes.csv,training_data_top_5_subreddit_allvotes.csv,testing_data_top_5_subreddit_allvotes.csv,0.2620689571,0.2716799974,0,0.1583333313,0.1654275656,0.7599999905,0.7594972849,Tue Apr 18 13:01:00 2017
model-builder,network68,17000,6,0.2,150,40,200,lstm,300,0,200,FALSE,100,50,TRUE,0.05,FALSE,0.75,TRUE,0.5,TRUE,vectors150d.txt,TRUE,FALSE,validation_data_top_5_subreddit_allvotes.csv,training_data_top_5_subreddit_allvotes.csv,testing_data_top_5_subreddit_allvotes.csv,0.2611276209,0.2545167506,0,0.1856540143,0.1794436276,0.4399999976,0.437589258,Wed Apr 19 07:04:28 2017
model-builder,network-2017-04-17 19:26:36.803863-3,12000,6,0.5,150,25,400,lstm,150,4,50,TRUE,25,50,FALSE,0.05,TRUE,0.9,TRUE,0.5,FALSE,vectors150d.txt,FALSE,FALSE,validation_data_top_5_subreddit_allvotes.csv,training_data_top_5_subreddit_allvotes.csv,testing_data_top_5_subreddit_allvotes.csv,0.2564102709,0.2216962576,0,0.1886792481,0.1693026125,0.400000006,0.3210511208,Tue Apr 18 01:51:17 2017
model-builder,network-2017-04-20 11:10:41.109327-1,15000,6,0.2,300,40,400,lstm,450,3,50,FALSE,50,75,FALSE,0.01,TRUE,0.9,TRUE,0.5,TRUE,vectors300d.txt,TRUE,FALSE,validation_data_top_5_subreddit_allvotes.csv,training_data_top_5_subreddit_allvotes.csv,testing_data_top_5_subreddit_allvotes.csv,0.2549800575,0.2534803748,0,0.1592039764,0.1581349224,0.6399999857,0.638389051,Thu Apr 20 12:12:31 2017
model-builder,network6,17000,6,0.05,300,25,300,lstm,450,3,100,FALSE,25,50,FALSE,0.05,TRUE,0.9,TRUE,0.8,TRUE,vectors300d.txt,FALSE,,validation_data_top_5_subreddit_allvotes.csv,training_data_top_5_subreddit_allvotes.csv,testing_data_top_5_subreddit_allvotes.csv,0.25,0.2718058228,0,0.1553398073,0.1681580842,0.6399999857,0.7085118294,Mon Apr 17 01:38:50 2017
model-builder,network-2017-04-19 01:12:13.058082-6,10000,6,0.3,100,20,400,lstm,150,4,200,FALSE,50,50,TRUE,0.05,FALSE,0.75,TRUE,0.5,TRUE,vectors.txt,FALSE,TRUE,validation_data_top_5_subreddit_allvotes.csv,training_data_top_5_subreddit_allvotes.csv,testing_data_top_5_subreddit_allvotes.csv,0.25,0.3055645525,0,0.1666666716,0.2041276693,0.5,0.6073979139,Wed Apr 19 02:50:36 2017
model-builder,network-2017-04-18 18:26:45.424224-10,17000,6,0.4,150,30,150,gru,150,2,100,TRUE,100,50,FALSE,0.1,FALSE,0.9,FALSE,0.6,TRUE,vectors150d.txt,TRUE,TRUE,validation_data_top_5_subreddit_allvotes.csv,training_data_top_5_subreddit_allvotes.csv,testing_data_top_5_subreddit_allvotes.csv,0.25,0.2515357137,1,0.1666666716,0.1680345535,0.5,0.5,Tue Apr 18 21:16:05 2017
model-builder,network12,19000,6,0.1,100,30,200,gru,150,1,200,TRUE,50,50,FALSE,0.01,TRUE,0.5,TRUE,0.2,FALSE,vectors.txt,TRUE,,validation_data_top_5_subreddit_allvotes.csv,training_data_top_5_subreddit_allvotes.csv,testing_data_top_5_subreddit_allvotes.csv,0.2492712736,0.3026123941,49,0.1664652973,0.2025117427,0.4959999919,0.5983976126,Mon Apr 17 02:29:04 2017
model-builder,network-2017-04-17 11:58:19.730634-12,10000,6,0.15,100,20,150,gru,300,1,200,TRUE,100,50,TRUE,0.05,TRUE,0.5,TRUE,0.4,FALSE,vectors.txt,TRUE,FALSE,validation_data_top_5_subreddit_allvotes.csv,training_data_top_5_subreddit_allvotes.csv,testing_data_top_5_subreddit_allvotes.csv,0.246238023,0.2511643469,1,0.1694915295,0.1771676689,0.4499999881,0.4313053489,Mon Apr 17 16:18:35 2017
model-builder,network-2017-04-19 12:19:10.037651-3,15000,6,0.2,100,40,150,lstm,450,0,200,FALSE,50,50,FALSE,0.01,TRUE,0.5,TRUE,0.4,TRUE,vectors.txt,FALSE,FALSE,validation_data_top_5_subreddit_allvotes.csv,training_data_top_5_subreddit_allvotes.csv,testing_data_top_5_subreddit_allvotes.csv,0.2432432473,0.2601183057,0,0.1569767445,0.1636088938,0.5400000215,0.6342473626,Wed Apr 19 12:31:04 2017
model-builder,network26,19000,6,0.5,300,20,250,lstm,500,3,100,TRUE,100,50,FALSE,0.01,FALSE,0.5,TRUE,0.6,FALSE,vectors300d.txt,TRUE,FALSE,validation_data_top_5_subreddit_allvotes.csv,training_data_top_5_subreddit_allvotes.csv,testing_data_top_5_subreddit_allvotes.csv,0.2420634925,0.2446750402,0,0.1509900987,0.1531651467,0.6100000143,0.6078263521,Tue Apr 18 14:46:43 2017
model-builder,network-CarlThomas-4,10000,6,0.1,300,20,300,gru,300,3,50,TRUE,25,50,TRUE,0.01,TRUE,0.5,TRUE,0.5,TRUE,vectors300d.txt,FALSE,FALSE,validation_data_top_5_subreddit_allvotes.csv,training_data_top_5_subreddit_allvotes.csv,testing_data_top_5_subreddit_allvotes.csv,0.2330097109,0.2539439499,0,0.1538461596,0.1734853983,0.4799999893,0.4735789895,Fri Apr 21 04:56:16 2017
model-builder,network-2017-04-18 11:55:46.528432-22,17000,6,0.15,100,35,250,gru,300,3,50,TRUE,25,50,TRUE,0.01,FALSE,0.5,TRUE,0.3,FALSE,vectors.txt,FALSE,FALSE,validation_data_top_5_subreddit_allvotes.csv,training_data_top_5_subreddit_allvotes.csv,testing_data_top_5_subreddit_allvotes.csv,0.2203389853,0.3090780973,0,0.139784947,0.1967468858,0.5199999809,0.7203655839,Tue Apr 18 16:34:53 2017
model-builder,network-2017-04-19 01:12:13.058082-21,10000,6,0.5,150,20,300,gru,300,2,50,TRUE,50,50,TRUE,0.05,TRUE,0.9,TRUE,0.7,TRUE,vectors150d.txt,FALSE,FALSE,validation_data_top_5_subreddit_allvotes.csv,training_data_top_5_subreddit_allvotes.csv,testing_data_top_5_subreddit_allvotes.csv,0.2171428353,0.2427048236,0,0.1519999951,0.1707771122,0.3799999952,0.4193087816,Wed Apr 19 06:42:49 2017
model-builder,network-2017-04-17 19:56:47.501745-5,15000,6,0.05,150,30,400,gru,750,3,200,TRUE,100,50,TRUE,0.05,FALSE,0.9,TRUE,0.5,TRUE,vectors150d.txt,FALSE,TRUE,validation_data_top_5_subreddit_allvotes.csv,training_data_top_5_subreddit_allvotes.csv,testing_data_top_5_subreddit_allvotes.csv,0.2150000036,0.197549507,0,0.1433333308,0.1319794506,0.4300000072,0.3926021159,Mon Apr 17 23:51:19 2017
model-builder,network-2017-04-19 01:12:13.058082-17,19000,6,0.2,150,20,150,gru,450,2,200,FALSE,100,50,TRUE,0.01,TRUE,0.75,TRUE,0.3,FALSE,vectors150d.txt,TRUE,FALSE,validation_data_top_5_subreddit_allvotes.csv,training_data_top_5_subreddit_allvotes.csv,testing_data_top_5_subreddit_allvotes.csv,0.2136752158,0.2437898517,0,0.1358695626,0.1571682394,0.5,0.543130517,Wed Apr 19 05:53:40 2017
model-builder,network-2017-04-17 19:56:47.501745-7,15000,6,0.5,150,25,400,lstm,300,5,200,TRUE,100,50,TRUE,0.01,FALSE,0.9,TRUE,0.8,TRUE,vectors150d.txt,TRUE,TRUE,validation_data_top_5_subreddit_allvotes.csv,training_data_top_5_subreddit_allvotes.csv,testing_data_top_5_subreddit_allvotes.csv,0.2071428597,0.200791195,5,0.181250006,0.1763075441,0.2416666597,0.2331714779,Tue Apr 18 00:04:01 2017
model-builder,network38,17000,6,0.4,300,30,250,lstm,500,2,100,FALSE,100,50,TRUE,0.01,FALSE,0.75,TRUE,0.6,FALSE,vectors300d.txt,TRUE,FALSE,validation_data_top_5_subreddit_allvotes.csv,training_data_top_5_subreddit_allvotes.csv,testing_data_top_5_subreddit_allvotes.csv,0.2040816396,0.2123071402,0,0.1369863003,0.1423355937,0.400000006,0.4175949693,Tue Apr 18 18:52:58 2017
model-builder,network85,19000,6,0.1,100,35,400,lstm,300,1,200,TRUE,50,50,TRUE,0.05,TRUE,0.9,TRUE,0.4,FALSE,vectors.txt,TRUE,TRUE,validation_data_top_5_subreddit_allvotes.csv,training_data_top_5_subreddit_allvotes.csv,testing_data_top_5_subreddit_allvotes.csv,0.1853658557,0.2082821876,0,0.1225806475,0.1380303949,0.3799999952,0.4241645336,Wed Apr 19 12:35:11 2017
model-builder,network12,10000,6,0.05,300,30,500,lstm,300,1,200,FALSE,25,50,FALSE,0.05,FALSE,0.9,TRUE,0.6,TRUE,vectors300d.txt,TRUE,FALSE,validation_data_top_5_subreddit_allvotes.csv,training_data_top_5_subreddit_allvotes.csv,testing_data_top_5_subreddit_allvotes.csv,0.1818181872,0.1752533913,0,0.1666666716,0.1510702074,0.200000003,0.2086546719,Tue Apr 18 12:16:40 2017
model-builder,network5,17000,6,0.5,150,40,200,gru,150,3,100,TRUE,100,50,FALSE,0.05,TRUE,0.9,TRUE,0.5,FALSE,vectors150d.txt,TRUE,FALSE,validation_data_top_5_subreddit_allvotes.csv,training_data_top_5_subreddit_allvotes.csv,testing_data_top_5_subreddit_allvotes.csv,0.1798365265,0.1808568388,0,0.123595506,0.1242521331,0.3300000131,0.3321908116,Tue Apr 18 10:33:40 2017
model-builder,network-2017-04-17 11:58:19.730634-20,12000,6,0.1,150,40,400,lstm,750,4,200,FALSE,50,50,FALSE,0.01,FALSE,0.9,TRUE,0.6,TRUE,vectors150d.txt,FALSE,FALSE,validation_data_top_5_subreddit_allvotes.csv,training_data_top_5_subreddit_allvotes.csv,testing_data_top_5_subreddit_allvotes.csv,0.1714285761,0.1764577478,0,0.1199999973,0.1270999759,0.3000000119,0.2884890139,Mon Apr 17 19:21:54 2017
model-builder,network60,10000,6,0.5,150,25,250,lstm,300,2,100,TRUE,100,50,TRUE,0.05,TRUE,0.75,TRUE,0.6,FALSE,vectors150d.txt,TRUE,FALSE,validation_data_top_5_subreddit_allvotes.csv,training_data_top_5_subreddit_allvotes.csv,testing_data_top_5_subreddit_allvotes.csv,0.171102643,0.1965344548,1,0.1380368024,0.1646253318,0.224999994,0.2437874824,Wed Apr 19 05:07:45 2017
model-builder,network-2017-04-19 01:12:13.058082-26,17000,6,0.35,150,25,250,gru,600,2,50,TRUE,50,50,FALSE,0.1,FALSE,0.5,TRUE,0.4,FALSE,vectors150d.txt,TRUE,TRUE,validation_data_top_5_subreddit_allvotes.csv,training_data_top_5_subreddit_allvotes.csv,testing_data_top_5_subreddit_allvotes.csv,0.1599999964,0.2052823603,0,0.1599999964,0.2057684064,0.1599999964,0.2047986239,Wed Apr 19 07:31:10 2017
model-builder,network2,12000,6,0.3,300,25,400,gru,150,3,200,TRUE,25,50,TRUE,0.05,TRUE,0.75,TRUE,0.6,FALSE,vectors300d.txt,TRUE,TRUE,validation_data_top_5_subreddit_allvotes.csv,training_data_top_5_subreddit_allvotes.csv,testing_data_top_5_subreddit_allvotes.csv,0.1590909213,0.1841532737,0,0.1111111119,0.1313051432,0.2800000012,0.3081976473,Tue Apr 18 09:58:40 2017
model-builder,network-PaulineAlmanza-2,17000,6,0.2,100,30,200,lstm,450,1,100,FALSE,25,100,FALSE,0.1,TRUE,0.75,TRUE,0.7,FALSE,vectors.txt,FALSE,FALSE,validation_data_top_5_subreddit_allvotes.csv,training_data_top_5_subreddit_allvotes.csv,testing_data_top_5_subreddit_allvotes.csv,0.1428571492,0.2222222239,0,0.09589041024,0.152871713,0.2800000012,0.4067409337,Fri Apr 21 00:48:12 2017
model-builder,network-2017-04-18 11:55:46.528432-21,17000,6,0.35,100,40,150,lstm,600,2,50,FALSE,25,50,FALSE,0.1,FALSE,0.5,TRUE,0.4,FALSE,vectors.txt,FALSE,FALSE,validation_data_top_5_subreddit_allvotes.csv,training_data_top_5_subreddit_allvotes.csv,testing_data_top_5_subreddit_allvotes.csv,0.1408450752,0.1464040279,0,0.1086956486,0.107769087,0.200000003,0.2282205075,Tue Apr 18 16:30:37 2017
model-builder,network-2017-04-17 11:58:19.730634-1,17000,6,0.35,150,40,200,lstm,150,0,100,FALSE,100,50,TRUE,0.01,TRUE,0.9,TRUE,0.8,TRUE,vectors150d.txt,TRUE,FALSE,validation_data_top_5_subreddit_allvotes.csv,training_data_top_5_subreddit_allvotes.csv,testing_data_top_5_subreddit_allvotes.csv,0.1142857224,0.1472488791,0,0.200000003,0.2341220379,0.0799999982,0.1073978841,Mon Apr 17 12:39:20 2017
model-builder,network-2017-04-20 11:10:41.109327-5,10000,51,0.2,100,30,250,lstm,450,4,200,FALSE,50,75,TRUE,0.05,FALSE,0.9,FALSE,0.6,FALSE,vectors.txt,FALSE,FALSE,validation_data_top_50_subreddit_allvotes.csv,training_data_top_50_subreddit_allvotes.csv,testing_data_top_50_subreddit_allvotes.csv,0.05479452014,0.03781151399,0,0.02881844342,0.0199142471,0.555555582,0.3733245432,Thu Apr 20 15:15:32 2017
model-builder,network-2017-04-17 11:58:19.730634-2,10000,51,0.3,150,25,250,lstm,450,5,100,FALSE,25,50,FALSE,0.1,FALSE,0.75,TRUE,0.4,TRUE,vectors150d.txt,FALSE,TRUE,validation_data_top_50_subreddit_allvotes.csv,training_data_top_50_subreddit_allvotes.csv,testing_data_top_50_subreddit_allvotes.csv,0.0532445982,0.0406912155,0,0.0278260875,0.0212884713,0.6153846383,0.4593739212,Mon Apr 17 13:38:34 2017
model-builder,network-2017-04-19 01:12:13.058082-2,19000,51,0.3,150,25,150,gru,600,1,50,TRUE,50,50,FALSE,0.1,TRUE,0.5,TRUE,0.4,FALSE,vectors150d.txt,TRUE,TRUE,validation_data_top_50_subreddit.csv,training_data_top_50_subreddit.csv,testing_data_top_50_subreddit.csv,0.05124653876,0.03856244683,1,0.0276119411,0.0208575055,0.355769217,0.2551309168,Wed Apr 19 01:54:08 2017
model-builder,network0,19000,51,0.3,100,20,150,gru,300,0,200,FALSE,50,50,FALSE,0.1,TRUE,0.5,FALSE,0.8,FALSE,vectors.txt,FALSE,FALSE,validation_data_top_50_subreddit_allvotes.csv,training_data_top_50_subreddit_allvotes.csv,testing_data_top_50_subreddit_allvotes.csv,0.05068226159,0.03881719336,1,0.02725366876,0.02086747438,0.3611111045,0.2776162922,Tue Apr 18 09:17:00 2017
model-builder,network-2017-04-18 11:55:46.528432-3,12000,51,0.15,300,35,200,lstm,150,2,50,TRUE,50,50,TRUE,0.01,FALSE,0.5,FALSE,0.8,FALSE,vectors300d.txt,FALSE,TRUE,validation_data_top_50_subreddit.csv,training_data_top_50_subreddit.csv,testing_data_top_50_subreddit.csv,0.04918981716,0.04041837901,2,0.02575757541,0.0212006215,0.5448718071,0.4321499467,Tue Apr 18 12:39:17 2017
model-builder,network-LindaGarfield-3,19000,51,0.4,150,20,300,gru,150,3,100,FALSE,50,100,TRUE,0.05,FALSE,0.5,FALSE,0.6,TRUE,vectors150d.txt,TRUE,TRUE,validation_data_top_50_subreddit_allvotes.csv,training_data_top_50_subreddit_allvotes.csv,testing_data_top_50_subreddit_allvotes.csv,0.04817275703,0.03894369677,0,0.02521739155,0.02037573978,0.537037015,0.4389391541,Fri Apr 21 02:44:04 2017
model-builder,Network-JenniferKovac-50,25000,51,0.05,300,12,400,lstm,300,1,200,FALSE,25,50,TRUE,0.01,TRUE,0.75,FALSE,0.3,TRUE,vectors150d.txt,FALSE,FALSE,validation_data_top_50_subreddit_allvotes.csv,training_data_top_50_subreddit_allvotes.csv,testing_data_top_50_subreddit_allvotes.csv,0.0480226018,0.0408840701,0,0.0249266867,0.0212818403,0.6538461447,0.5180289745,Mon May  8 14:14:05 2017
model-builder,network-2017-04-20 11:10:41.109327-2,10000,51,0.1,150,40,250,gru,600,5,50,TRUE,25,75,FALSE,0.01,TRUE,0.75,TRUE,0.6,TRUE,vectors150d.txt,FALSE,TRUE,validation_data_top_50_subreddit.csv,training_data_top_50_subreddit.csv,testing_data_top_50_subreddit.csv,0.04784688726,0.04085803777,0,0.02491694316,0.02133715525,0.6000000238,0.47999084,Thu Apr 20 13:23:33 2017
model-builder,network54,19000,51,0.15,100,30,150,gru,500,1,200,TRUE,25,50,TRUE,0.01,TRUE,0.5,FALSE,0.8,TRUE,vectors.txt,FALSE,TRUE,validation_data_top_50_subreddit_allvotes.csv,training_data_top_50_subreddit_allvotes.csv,testing_data_top_50_subreddit_allvotes.csv,0.04719784111,0.04087509215,48,0.02465956472,0.02138094045,0.5486656427,0.4631932974,Wed Apr 19 03:26:33 2017
model-builder,network-2017-04-17 11:58:19.730634-0,17000,51,0.3,100,30,300,gru,150,2,200,FALSE,25,50,TRUE,0.1,FALSE,0.75,TRUE,0.3,FALSE,vectors.txt,TRUE,TRUE,validation_data_top_50_subreddit.csv,training_data_top_50_subreddit.csv,testing_data_top_50_subreddit.csv,0.0464000031,0.0305985454,13,0.0322222225,0.0217207242,0.0828571394,0.0517501868,Mon Apr 17 12:35:26 2017
model-builder,network-2017-04-17 11:58:19.730634-18,15000,51,0.3,150,40,150,lstm,300,2,200,FALSE,100,50,FALSE,0.05,TRUE,0.9,FALSE,0.3,FALSE,vectors150d.txt,TRUE,TRUE,validation_data_top_50_subreddit_allvotes.csv,training_data_top_50_subreddit_allvotes.csv,testing_data_top_50_subreddit_allvotes.csv,0.0461893752,0.0409852341,0,0.0240867119,0.0213629734,0.560747683,0.5029928684,Mon Apr 17 19:03:06 2017
model-builder,network-2017-04-18 11:55:46.528432-15,10000,51,0.5,300,30,150,lstm,150,4,50,FALSE,50,50,FALSE,0.1,FALSE,0.5,FALSE,0.2,FALSE,vectors300d.txt,FALSE,TRUE,validation_data_top_50_subreddit.csv,training_data_top_50_subreddit.csv,testing_data_top_50_subreddit.csv,0.0460829474,0.04124759883,0,0.02400000021,0.02151416056,0.5769230723,0.4983420968,Tue Apr 18 15:42:45 2017
model-builder,network18,19000,51,0.4,150,40,150,lstm,150,2,50,TRUE,50,50,FALSE,0.01,TRUE,0.5,FALSE,0.6,TRUE,vectors150d.txt,FALSE,,validation_data_top_50_subreddit.csv,training_data_top_50_subreddit.csv,testing_data_top_50_subreddit.csv,0.0460829474,0.04077742621,0,0.02400000021,0.02124418691,0.5769230723,0.5063171983,Mon Apr 17 04:08:13 2017
model-builder,network-2017-04-17 19:56:47.501745-1,19000,51,0.4,100,30,250,gru,150,2,50,TRUE,50,50,FALSE,0.1,TRUE,0.9,FALSE,0.8,FALSE,vectors.txt,FALSE,FALSE,validation_data_top_50_subreddit.csv,training_data_top_50_subreddit.csv,testing_data_top_50_subreddit.csv,0.04594180733,0.03991130367,0,0.02392344549,0.02082027681,0.5769230723,0.4805339575,Mon Apr 17 20:46:20 2017
model-builder,network-2017-04-18 11:55:46.528432-18,19000,51,0.1,100,25,400,lstm,300,5,50,FALSE,50,50,TRUE,0.01,FALSE,0.9,FALSE,0.3,FALSE,vectors.txt,TRUE,FALSE,validation_data_top_50_subreddit_allvotes.csv,training_data_top_50_subreddit_allvotes.csv,testing_data_top_50_subreddit_allvotes.csv,0.04588607326,0.04040957615,0,0.02396694198,0.02108910307,0.537037015,0.4818421304,Tue Apr 18 16:16:35 2017
model-builder,network-2017-04-15 09:54:32.117198-0,12000,51,0.1,100,30,150,gru,300,1,200,TRUE,100,50,FALSE,0.01,TRUE,0.9,FALSE,0.7,TRUE,vectors.txt,TRUE,,validation_data_top_50_subreddit.csv,training_data_top_50_subreddit.csv,testing_data_top_50_subreddit.csv,0.04570076987,0.04152869061,35,0.02380180359,0.02163648047,0.5716511011,0.5151354671,Sat Apr 15 11:20:32 2017
model-builder,network-2017-04-18 11:55:46.528432-14,10000,51,0.05,300,30,300,lstm,150,2,100,FALSE,25,50,TRUE,0.1,TRUE,0.9,TRUE,0.2,FALSE,vectors300d.txt,FALSE,FALSE,validation_data_top_50_subreddit.csv,training_data_top_50_subreddit.csv,testing_data_top_50_subreddit.csv,0.04559271038,0.04039162397,0,0.02369668335,0.02102697454,0.6000000238,0.5109192729,Tue Apr 18 15:24:47 2017
model-builder,network-JamesCarr-3,12000,51,0.2,150,25,150,lstm,300,2,200,FALSE,50,50,TRUE,0.01,TRUE,0.9,TRUE,0.8,TRUE,vectors150d.txt,FALSE,FALSE,validation_data_top_50_subreddit.csv,training_data_top_50_subreddit.csv,testing_data_top_50_subreddit.csv,0.04527296871,0.03983096033,0,0.0234482754,0.02068441175,0.6538461447,0.5357306004,Fri Apr 21 03:45:19 2017
model-builder,network-2017-04-18 11:55:46.528432-23,10000,51,0.05,150,25,250,gru,600,4,100,TRUE,50,50,FALSE,0.05,FALSE,0.5,TRUE,0.5,TRUE,vectors150d.txt,TRUE,TRUE,validation_data_top_50_subreddit_allvotes.csv,training_data_top_50_subreddit_allvotes.csv,testing_data_top_50_subreddit_allvotes.csv,0.04521276429,0.04123652726,0,0.0234482754,0.02137734927,0.629629612,0.5806506872,Tue Apr 18 17:29:54 2017
model-builder,network-2017-04-18 11:55:46.528432-11,17000,51,0.1,100,25,250,gru,600,0,200,FALSE,100,50,FALSE,0.1,TRUE,0.5,FALSE,0.5,TRUE,vectors.txt,FALSE,FALSE,validation_data_top_50_subreddit_allvotes.csv,training_data_top_50_subreddit_allvotes.csv,testing_data_top_50_subreddit_allvotes.csv,0.04489337653,0.04043485224,0,0.02338269725,0.02105898783,0.560747683,0.5059142113,Tue Apr 18 14:33:36 2017
model-builder,network-2017-04-19 01:12:13.058082-3,15000,51,0.5,150,30,300,lstm,750,2,200,FALSE,50,50,FALSE,0.05,TRUE,0.9,FALSE,0.3,TRUE,vectors150d.txt,TRUE,TRUE,validation_data_top_50_subreddit.csv,training_data_top_50_subreddit.csv,testing_data_top_50_subreddit.csv,0.04437869787,0.04152268544,0,0.02307692356,0.02162317932,0.5769230723,0.5208952427,Wed Apr 19 02:22:15 2017
model-builder,network-2017-04-19 01:12:13.058082-16,10000,51,0.35,150,20,200,gru,450,1,200,FALSE,50,50,TRUE,0.1,TRUE,0.75,TRUE,0.7,FALSE,vectors150d.txt,FALSE,FALSE,validation_data_top_50_subreddit_allvotes.csv,training_data_top_50_subreddit_allvotes.csv,testing_data_top_50_subreddit_allvotes.csv,0.0443213284,0.04009066895,0,0.02332361601,0.02110525966,0.4444444478,0.399143666,Wed Apr 19 05:52:09 2017
model-builder,network-2017-04-19 01:12:13.058082-11,19000,51,0.4,150,35,250,lstm,150,4,50,FALSE,50,50,FALSE,0.05,TRUE,0.75,FALSE,0.8,FALSE,vectors150d.txt,FALSE,TRUE,validation_data_top_50_subreddit_allvotes.csv,training_data_top_50_subreddit_allvotes.csv,testing_data_top_50_subreddit_allvotes.csv,0.04421517998,0.03950747102,0,0.02302379161,0.02054755576,0.555555582,0.5113128424,Wed Apr 19 04:23:31 2017
model-builder,network-2017-04-20 11:10:41.109327-3,15000,51,0.3,150,25,300,lstm,750,5,50,TRUE,100,75,TRUE,0.05,TRUE,0.75,FALSE,0.7,TRUE,vectors150d.txt,FALSE,TRUE,validation_data_top_50_subreddit_allvotes.csv,training_data_top_50_subreddit_allvotes.csv,testing_data_top_50_subreddit_allvotes.csv,0.04417527467,0.03942817077,0,0.02296296321,0.02049364522,0.5794392228,0.5182580948,Thu Apr 20 14:07:47 2017
model-builder,network-2017-04-18 11:55:46.528432-13,10000,51,0.2,100,30,400,lstm,450,4,50,TRUE,25,50,TRUE,0.01,TRUE,0.5,FALSE,0.6,TRUE,vectors.txt,TRUE,FALSE,validation_data_top_50_subreddit.csv,training_data_top_50_subreddit.csv,testing_data_top_50_subreddit.csv,0.04373177513,0.0407577157,0,0.02269288898,0.02118830197,0.6000000238,0.5334438682,Tue Apr 18 15:06:23 2017
model-builder,network57,17000,51,0.2,300,20,200,gru,300,0,200,FALSE,100,50,TRUE,0.1,FALSE,0.9,FALSE,0.3,FALSE,vectors300d.txt,FALSE,FALSE,validation_data_top_50_subreddit.csv,training_data_top_50_subreddit.csv,testing_data_top_50_subreddit.csv,0.04344624653,0.04040376469,0,0.0226140283,0.02103617974,0.5514018536,0.5093756914,Wed Apr 19 04:11:52 2017
model-builder,network-2017-04-20 11:10:41.109327-0,15000,51,0.05,300,40,150,gru,600,1,200,FALSE,100,75,TRUE,0.01,TRUE,0.9,FALSE,0.7,FALSE,vectors300d.txt,TRUE,TRUE,validation_data_top_50_subreddit_allvotes.csv,training_data_top_50_subreddit_allvotes.csv,testing_data_top_50_subreddit_allvotes.csv,0.04338235036,0.04049598798,0,0.02257941104,0.02107410692,0.5514018536,0.5165253878,Thu Apr 20 11:59:10 2017
model-builder,network-2017-04-20 11:10:41.109327-4,10000,51,0.1,150,25,250,lstm,750,0,200,FALSE,50,75,TRUE,0.01,TRUE,0.5,FALSE,0.7,TRUE,vectors150d.txt,FALSE,FALSE,validation_data_top_50_subreddit_allvotes.csv,training_data_top_50_subreddit_allvotes.csv,testing_data_top_50_subreddit_allvotes.csv,0.04312267527,0.03995492309,0,0.0224632062,0.02080436423,0.537037015,0.5026205778,Thu Apr 20 14:40:52 2017
model-builder,network-2017-04-19 12:19:10.037651-6,17000,51,0.2,150,25,400,gru,450,4,50,FALSE,25,50,TRUE,0.1,TRUE,0.5,FALSE,0.5,FALSE,vectors150d.txt,TRUE,TRUE,validation_data_top_50_subreddit.csv,training_data_top_50_subreddit.csv,testing_data_top_50_subreddit.csv,0.04307874292,0.03988048807,25,0.02301763184,0.02140766382,0.3353846073,0.2909011245,Wed Apr 19 14:01:49 2017
model-builder,network-2017-04-19 01:12:13.058082-24,12000,51,0.1,100,40,200,lstm,450,5,200,TRUE,100,50,FALSE,0.1,FALSE,0.5,FALSE,0.2,FALSE,vectors.txt,TRUE,FALSE,validation_data_top_50_subreddit_allvotes.csv,training_data_top_50_subreddit_allvotes.csv,testing_data_top_50_subreddit_allvotes.csv,0.04294867441,0.04091792181,9,0.02231489681,0.02125742473,0.5700934529,0.5446771979,Wed Apr 19 07:25:40 2017
model-builder,network-2017-04-18 18:26:45.424224-12,17000,51,0.05,100,25,150,lstm,750,2,200,FALSE,50,50,FALSE,0.01,FALSE,0.75,FALSE,0.2,FALSE,vectors.txt,TRUE,TRUE,validation_data_top_50_subreddit.csv,training_data_top_50_subreddit.csv,testing_data_top_50_subreddit.csv,0.04278414696,0.04153958336,49,0.02222622186,0.02160736173,0.5699999928,0.5358117819,Tue Apr 18 21:38:45 2017
model-builder,network-2017-04-18 18:26:45.424224-1,15000,51,0.5,100,40,400,lstm,600,3,50,TRUE,50,50,TRUE,0.1,FALSE,0.9,FALSE,0.6,TRUE,vectors.txt,TRUE,TRUE,validation_data_top_50_subreddit.csv,training_data_top_50_subreddit.csv,testing_data_top_50_subreddit.csv,0.0427065976,0.04056769982,2,0.02231884003,0.02123568021,0.4935897291,0.4525402188,Tue Apr 18 19:15:07 2017
model-builder,network52,15000,51,0.05,100,35,200,lstm,500,3,100,FALSE,50,50,TRUE,0.05,FALSE,0.9,TRUE,0.7,TRUE,vectors.txt,FALSE,TRUE,validation_data_top_50_subreddit.csv,training_data_top_50_subreddit.csv,testing_data_top_50_subreddit.csv,0.04201680794,0.04068003967,0,0.02222222276,0.02155961469,0.3846153915,0.359564364,Wed Apr 19 00:58:50 2017
model-builder,network-2017-04-18 18:26:45.424224-4,17000,51,0.5,300,35,200,gru,600,1,100,TRUE,25,50,FALSE,0.1,FALSE,0.9,FALSE,0.2,FALSE,vectors300d.txt,TRUE,FALSE,validation_data_top_50_subreddit_allvotes.csv,training_data_top_50_subreddit_allvotes.csv,testing_data_top_50_subreddit_allvotes.csv,0.04150369391,0.04070170969,47,0.02173418365,0.02133936249,0.4591346085,0.4393228292,Tue Apr 18 20:18:25 2017
model-builder,network-2017-04-17 11:58:19.730634-21,19000,51,0.4,300,20,400,lstm,450,1,100,FALSE,100,50,TRUE,0.01,TRUE,0.75,TRUE,0.4,FALSE,vectors300d.txt,FALSE,TRUE,validation_data_top_50_subreddit_allvotes.csv,training_data_top_50_subreddit_allvotes.csv,testing_data_top_50_subreddit_allvotes.csv,0.0415035225,0.0391780548,0,0.0216591749,0.0204360001,0.4953271151,0.4726486504,Mon Apr 17 19:51:00 2017
model-builder,network-2017-04-17 11:58:19.730634-9,17000,51,0.1,150,40,200,gru,600,3,50,FALSE,25,50,FALSE,0.1,TRUE,0.9,FALSE,0.8,TRUE,vectors150d.txt,FALSE,TRUE,validation_data_top_50_subreddit.csv,training_data_top_50_subreddit.csv,testing_data_top_50_subreddit.csv,0.0414814837,0.0397377871,0,0.0215384606,0.020708099,0.5600000024,0.4902812839,Mon Apr 17 15:23:08 2017
model-builder,network-2017-04-20 17:48:22.917698-0,17000,51,0.2,150,30,250,lstm,150,5,200,FALSE,100,75,FALSE,0.01,TRUE,0.75,TRUE,0.2,TRUE,vectors150d.txt,TRUE,TRUE,validation_data_top_50_subreddit_allvotes.csv,training_data_top_50_subreddit_allvotes.csv,testing_data_top_50_subreddit_allvotes.csv,0.04109852016,0.04100994021,0,0.02098039165,0.02093425207,1,0.9999427199,Thu Apr 20 18:43:47 2017
model-builder,network73,17000,51,0.15,100,35,150,gru,150,3,200,FALSE,100,50,FALSE,0.01,TRUE,0.75,TRUE,0.2,TRUE,vectors.txt,FALSE,TRUE,validation_data_top_50_subreddit_allvotes.csv,training_data_top_50_subreddit_allvotes.csv,testing_data_top_50_subreddit_allvotes.csv,0.04109852016,0.04101017863,0,0.02098039165,0.02093441226,1,0.99985677,Wed Apr 19 09:07:24 2017
model-builder,network-2017-04-19 01:12:13.058082-8,19000,51,0.5,300,35,250,gru,450,1,200,TRUE,100,50,TRUE,0.05,FALSE,0.5,TRUE,0.2,FALSE,vectors300d.txt,FALSE,TRUE,validation_data_top_50_subreddit.csv,training_data_top_50_subreddit.csv,testing_data_top_50_subreddit.csv,0.04109852016,0.04144782946,0,0.02098039165,0.0211624857,1,1,Wed Apr 19 03:29:25 2017
model-builder,network63,19000,51,0.4,150,40,250,lstm,500,1,100,FALSE,50,50,TRUE,0.1,TRUE,0.9,TRUE,0.4,FALSE,vectors150d.txt,FALSE,TRUE,validation_data_top_50_subreddit.csv,training_data_top_50_subreddit.csv,testing_data_top_50_subreddit.csv,0.04098360613,0.04187205434,0,0.02105263248,0.02153065801,0.769230783,0.758060813,Wed Apr 19 06:02:52 2017
model-builder,network-2017-04-18 18:26:45.424224-5,15000,51,0.2,150,35,200,lstm,300,0,50,FALSE,50,50,FALSE,0.01,FALSE,0.75,FALSE,0.2,TRUE,vectors150d.txt,FALSE,FALSE,validation_data_top_50_subreddit.csv,training_data_top_50_subreddit.csv,testing_data_top_50_subreddit.csv,0.0407239832,0.04200996086,2,0.02190847136,0.0226402171,0.2884615362,0.2908186615,Tue Apr 18 20:32:14 2017
model-builder,network-2017-04-18 11:55:46.528432-0,10000,51,0.2,150,40,150,gru,600,2,200,TRUE,100,50,TRUE,0.05,FALSE,0.9,TRUE,0.3,TRUE,vectors150d.txt,TRUE,TRUE,validation_data_top_50_subreddit.csv,training_data_top_50_subreddit.csv,testing_data_top_50_subreddit.csv,0.04071458802,0.04135512188,0,0.02130434848,0.02164767496,0.4579439163,0.4614109397,Tue Apr 18 12:17:18 2017
model-builder,network9,19000,51,0.15,100,30,250,lstm,150,3,100,TRUE,50,50,FALSE,0.05,TRUE,0.5,FALSE,0.4,FALSE,vectors.txt,FALSE,TRUE,validation_data_top_50_subreddit.csv,training_data_top_50_subreddit.csv,testing_data_top_50_subreddit.csv,0.04039765149,0.04133737832,48,0.02104639076,0.02156525105,0.5015698671,0.4971491396,Tue Apr 18 11:53:43 2017
model-builder,network-2017-04-18 18:26:45.424224-8,10000,51,0.3,100,35,300,lstm,150,3,200,TRUE,25,50,FALSE,0.05,FALSE,0.75,FALSE,0.6,TRUE,vectors.txt,TRUE,FALSE,validation_data_top_50_subreddit.csv,training_data_top_50_subreddit.csv,testing_data_top_50_subreddit.csv,0.04034622759,0.0412331447,47,0.0210662242,0.02160181478,0.4758333266,0.4520256817,Tue Apr 18 21:09:34 2017
model-builder,network39,19000,51,0.05,150,30,300,gru,500,0,100,FALSE,50,50,TRUE,0.1,TRUE,0.9,TRUE,0.3,FALSE,vectors150d.txt,FALSE,FALSE,validation_data_top_50_subreddit.csv,training_data_top_50_subreddit.csv,testing_data_top_50_subreddit.csv,0.04028925672,0.04108742997,0,0.02070063725,0.02112582512,0.75,0.7455694079,Tue Apr 18 19:22:51 2017
model-builder,network-JenniferKovac-50-users-stemmed,25000,51,0.05,300,12,400,lstm,300,1,200,FALSE,100,200,TRUE,0.01,TRUE,0.75,FALSE,0.3,TRUE,vectors150d.txt,FALSE,FALSE,validation_real_model_top50.csv,train_real_model_top50.csv,testing_data_top_50_subreddit_allvotes.csv,0.03999999538,0.04036357626,0,0.02080968581,0.02098642662,0.5140187144,0.5263776183,Mon May  8 15:59:31 2017
model-builder,network1,12000,51,0.05,100,20,300,gru,500,0,50,FALSE,50,50,TRUE,0.1,FALSE,0.5,TRUE,0.2,FALSE,vectors.txt,FALSE,FALSE,validation_data_top_50_subreddit.csv,training_data_top_50_subreddit.csv,testing_data_top_50_subreddit.csv,0.03995970264,0.03998290747,6,0.02128040045,0.02125425823,0.3269230723,0.3364762664,Tue Apr 18 09:40:57 2017
model-builder,network25,12000,51,0.15,300,20,250,lstm,500,3,50,TRUE,50,50,FALSE,0.05,TRUE,0.75,TRUE,0.8,TRUE,vectors300d.txt,FALSE,TRUE,validation_data_top_50_subreddit.csv,training_data_top_50_subreddit.csv,testing_data_top_50_subreddit.csv,0.03974450007,0.04115066305,0,0.02063375153,0.02138920687,0.538461566,0.5407329202,Tue Apr 18 14:41:27 2017
model-builder,network-2017-04-19 01:12:13.058082-7,12000,51,0.35,100,20,300,gru,150,1,100,TRUE,100,50,FALSE,0.05,FALSE,0.75,TRUE,0.7,TRUE,vectors.txt,FALSE,TRUE,validation_data_top_50_subreddit_allvotes.csv,training_data_top_50_subreddit_allvotes.csv,testing_data_top_50_subreddit_allvotes.csv,0.03928905725,0.04133844748,0,0.02032257989,0.02138109133,0.5887850523,0.6208041906,Wed Apr 19 03:14:51 2017
model-builder,network-2017-04-19 12:19:10.037651-4,19000,51,0.15,300,20,150,gru,300,4,50,TRUE,25,50,TRUE,0.01,TRUE,0.75,FALSE,0.6,FALSE,vectors300d.txt,FALSE,FALSE,validation_data_top_50_subreddit_allvotes.csv,training_data_top_50_subreddit_allvotes.csv,testing_data_top_50_subreddit_allvotes.csv,0.03927068785,0.03971590847,0,0.02037845738,0.02064757422,0.538461566,0.5192605257,Wed Apr 19 13:04:16 2017
model-builder,network-2017-04-19 12:19:10.037651-5,15000,51,0.35,100,20,300,gru,150,2,50,FALSE,100,50,FALSE,0.01,FALSE,0.75,FALSE,0.4,FALSE,vectors.txt,TRUE,TRUE,validation_data_top_50_subreddit_allvotes.csv,training_data_top_50_subreddit_allvotes.csv,testing_data_top_50_subreddit_allvotes.csv,0.03921568766,0.04115945473,0,0.02035714313,0.02136443742,0.5327102542,0.5603018403,Wed Apr 19 13:27:43 2017
model-builder,network-2017-04-19 01:12:13.058082-15,12000,51,0.3,100,20,300,gru,750,3,100,TRUE,100,50,TRUE,0.05,TRUE,0.5,FALSE,0.2,TRUE,vectors.txt,TRUE,FALSE,validation_data_top_50_subreddit_allvotes.csv,training_data_top_50_subreddit_allvotes.csv,testing_data_top_50_subreddit_allvotes.csv,0.03894195333,0.04033515975,0,0.02026768588,0.02098608948,0.4953271151,0.5170838833,Wed Apr 19 05:32:22 2017
model-builder,network64,17000,51,0.15,300,30,250,lstm,300,2,100,TRUE,100,50,TRUE,0.1,TRUE,0.5,TRUE,0.7,TRUE,vectors300d.txt,TRUE,FALSE,validation_data_top_50_subreddit.csv,training_data_top_50_subreddit.csv,testing_data_top_50_subreddit.csv,0.03864042833,0.04070144892,0,0.02008928545,0.02117072977,0.5046728849,0.5254116058,Wed Apr 19 06:37:15 2017
model-builder,network-2017-04-20 17:48:22.917698-1,12000,51,0.5,300,20,300,lstm,300,4,50,FALSE,25,75,TRUE,0.1,FALSE,0.75,TRUE,0.8,TRUE,vectors300d.txt,FALSE,TRUE,validation_data_top_50_subreddit_allvotes.csv,training_data_top_50_subreddit_allvotes.csv,testing_data_top_50_subreddit_allvotes.csv,0.0385674946,0.04124868661,0,0.01999999955,0.02141077071,0.538461566,0.5615047812,Thu Apr 20 20:20:59 2017
model-builder,network-2017-04-17 11:58:19.730634-14,10000,51,0.05,150,25,300,lstm,450,0,100,TRUE,25,50,TRUE,0.01,FALSE,0.5,TRUE,0.8,FALSE,vectors150d.txt,FALSE,TRUE,validation_data_top_50_subreddit.csv,training_data_top_50_subreddit.csv,testing_data_top_50_subreddit.csv,0.0383999981,0.0412758924,0,0.0199999996,0.0215660408,0.4799999893,0.4795620739,Mon Apr 17 18:21:44 2017
model-builder,network22,10000,51,0.2,100,30,250,lstm,300,0,200,TRUE,25,50,FALSE,0.01,TRUE,0.75,FALSE,0.4,FALSE,vectors.txt,FALSE,,validation_data_top_50_subreddit.csv,training_data_top_50_subreddit.csv,testing_data_top_50_subreddit.csv,0.0383999981,0.03932837769,0,0.01999999955,0.02054851688,0.4799999893,0.456923157,Mon Apr 17 06:30:36 2017
model-builder,network-2017-04-18 11:55:46.528432-12,12000,51,0.4,150,25,400,lstm,750,1,50,TRUE,100,50,FALSE,0.01,TRUE,0.9,TRUE,0.3,FALSE,vectors150d.txt,FALSE,FALSE,validation_data_top_50_subreddit.csv,training_data_top_50_subreddit.csv,testing_data_top_50_subreddit.csv,0.03770028055,0.04052578658,0,0.01950585097,0.0209724959,0.560747683,0.5988737941,Tue Apr 18 14:41:59 2017
model-builder,network-2017-04-19 01:12:13.058082-5,17000,51,0.2,300,20,200,gru,450,1,100,FALSE,50,50,FALSE,0.05,TRUE,0.9,FALSE,0.7,FALSE,vectors300d.txt,FALSE,FALSE,validation_data_top_50_subreddit_allvotes.csv,training_data_top_50_subreddit_allvotes.csv,testing_data_top_50_subreddit_allvotes.csv,0.03761755675,0.04067614302,3,0.01976470649,0.02136172168,0.3888888955,0.4244185984,Wed Apr 19 02:47:20 2017
model-builder,network-2017-04-17 19:56:47.501745-0,15000,51,0.15,100,25,250,gru,450,3,200,TRUE,25,50,TRUE,0.05,TRUE,0.9,TRUE,0.5,FALSE,vectors.txt,FALSE,FALSE,validation_data_top_50_subreddit_allvotes.csv,training_data_top_50_subreddit_allvotes.csv,testing_data_top_50_subreddit_allvotes.csv,0.03730272502,0.04058744013,0,0.01937406883,0.02112020925,0.5,0.5185874701,Mon Apr 17 20:33:15 2017
model-builder,network-2017-04-17 11:58:19.730634-4,17000,51,0.35,150,40,150,gru,750,1,50,TRUE,25,50,FALSE,0.01,TRUE,0.5,FALSE,0.7,FALSE,vectors150d.txt,FALSE,FALSE,validation_data_top_50_subreddit_allvotes.csv,training_data_top_50_subreddit_allvotes.csv,testing_data_top_50_subreddit_allvotes.csv,0.0372611023,0.0407466441,49,0.0195020158,0.0213518254,0.4169230759,0.4445641041,Mon Apr 17 14:24:37 2017
model-builder,network-2017-04-18 18:26:45.424224-0,15000,51,0.05,100,30,300,gru,300,5,200,TRUE,50,50,TRUE,0.05,FALSE,0.5,TRUE,0.7,TRUE,vectors.txt,FALSE,FALSE,validation_data_top_50_subreddit.csv,training_data_top_50_subreddit.csv,testing_data_top_50_subreddit.csv,0.03652967885,0.04164056852,0,0.01901743189,0.02171462588,0.4615384638,0.5055168271,Tue Apr 18 18:39:57 2017
model-builder,network26,15000,51,0.5,100,20,150,gru,300,0,200,FALSE,25,50,TRUE,0.05,FALSE,0.5,FALSE,0.8,FALSE,vectors.txt,FALSE,,validation_data_top_50_subreddit_allvotes.csv,training_data_top_50_subreddit_allvotes.csv,testing_data_top_50_subreddit_allvotes.csv,0.03650279716,0.04010518268,5,0.0191298984,0.02104290202,0.3974359035,0.4260940552,Mon Apr 17 07:29:33 2017
model-builder,network-2017-04-16 14:23:58.227713-3,15000,51,0.4,150,20,250,gru,150,5,200,FALSE,100,5,FALSE,0.1,FALSE,0.9,TRUE,0.3,TRUE,vectors150d.txt,FALSE,FALSE,validation_data_top_50_subreddit_allvotes.csv,training_data_top_50_subreddit_allvotes.csv,testing_data_top_50_subreddit_allvotes.csv,0.03645116836,0.04045027122,0,0.018921813,0.02100367658,0.4953271151,0.5456380844,Sun Apr 16 15:19:38 2017
model-builder,network59,10000,51,0.15,150,30,250,lstm,150,0,200,TRUE,25,50,TRUE,0.01,FALSE,0.5,TRUE,0.5,FALSE,vectors150d.txt,FALSE,FALSE,validation_data_top_50_subreddit.csv,training_data_top_50_subreddit.csv,testing_data_top_50_subreddit.csv,0.03596127033,0.04121378064,0,0.018624641,0.02139712684,0.5199999809,0.5579693317,Wed Apr 19 05:02:43 2017
model-builder,network-2017-04-17 11:58:19.730634-19,17000,51,0.5,300,30,400,lstm,600,0,100,FALSE,50,50,FALSE,0.05,FALSE,0.5,TRUE,0.8,TRUE,vectors300d.txt,FALSE,FALSE,validation_data_top_50_subreddit.csv,training_data_top_50_subreddit.csv,testing_data_top_50_subreddit.csv,0.0358208977,0.032603059,1,0.0259740259,0.0253124554,0.057692308,0.0457923636,Mon Apr 17 19:18:16 2017
model-builder,network-DanielWard-1,10000,51,0.2,150,25,150,lstm,150,2,200,TRUE,25,100,FALSE,0.01,FALSE,0.75,TRUE,0.5,TRUE,vectors150d.txt,TRUE,FALSE,validation_data_top_50_subreddit_allvotes.csv,training_data_top_50_subreddit_allvotes.csv,testing_data_top_50_subreddit_allvotes.csv,0.03571428359,0.03968309611,0,0.01857585087,0.02067003399,0.4615384638,0.4950309396,Fri Apr 21 00:40:02 2017
model-builder,network-2017-04-19 01:12:13.058082-18,12000,51,0.1,100,25,200,gru,150,2,50,FALSE,25,50,FALSE,0.01,FALSE,0.75,FALSE,0.7,FALSE,vectors.txt,TRUE,TRUE,validation_data_top_50_subreddit.csv,training_data_top_50_subreddit.csv,testing_data_top_50_subreddit.csv,0.0356865786,0.04107448831,2,0.01894563437,0.02186145447,0.3066666722,0.3390502334,Wed Apr 19 06:21:44 2017
model-builder,network-2017-04-19 01:12:13.058082-12,17000,51,0.3,150,25,150,lstm,300,0,50,FALSE,25,50,FALSE,0.1,TRUE,0.75,TRUE,0.6,TRUE,vectors150d.txt,FALSE,FALSE,validation_data_top_50_subreddit.csv,training_data_top_50_subreddit.csv,testing_data_top_50_subreddit.csv,0.03510531411,0.03596769646,37,0.0335249044,0.03547685221,0.03684210405,0.03647231311,Wed Apr 19 04:39:12 2017
model-builder,network-2017-04-17 19:56:47.501745-2,17000,51,0.15,100,25,300,gru,600,5,200,FALSE,25,50,FALSE,0.01,FALSE,0.5,TRUE,0.3,FALSE,vectors.txt,FALSE,TRUE,validation_data_top_50_subreddit_allvotes.csv,training_data_top_50_subreddit_allvotes.csv,testing_data_top_50_subreddit_allvotes.csv,0.03495630622,0.03996723518,0,0.01806451567,0.02067187242,0.538461566,0.6002119184,Mon Apr 17 21:56:01 2017
model-builder,network-2017-04-17 19:56:47.501745-3,17000,51,0.4,150,40,150,lstm,150,0,100,FALSE,50,50,TRUE,0.05,FALSE,0.5,TRUE,0.7,TRUE,vectors150d.txt,FALSE,FALSE,validation_data_top_50_subreddit_allvotes.csv,training_data_top_50_subreddit_allvotes.csv,testing_data_top_50_subreddit_allvotes.csv,0.03438395634,0.03781538457,0,0.02033898234,0.02206356823,0.1111111119,0.1321886778,Mon Apr 17 22:26:47 2017
model-builder,network-2017-04-20 17:48:22.917698-3,10000,51,0.1,150,35,200,gru,450,2,100,FALSE,50,75,FALSE,0.01,TRUE,0.75,FALSE,0.8,FALSE,vectors150d.txt,FALSE,FALSE,validation_data_top_50_subreddit_allvotes.csv,training_data_top_50_subreddit_allvotes.csv,testing_data_top_50_subreddit_allvotes.csv,0.03422154859,0.04065397009,19,0.01797584444,0.02134139091,0.3555555642,0.4276456237,Thu Apr 20 21:29:23 2017
model-builder,network-2017-04-19 01:12:13.058082-0,10000,51,0.4,150,20,200,lstm,300,5,50,FALSE,100,50,TRUE,0.01,TRUE,0.9,TRUE,0.5,FALSE,vectors150d.txt,FALSE,TRUE,validation_data_top_50_subreddit_allvotes.csv,training_data_top_50_subreddit_allvotes.csv,testing_data_top_50_subreddit_allvotes.csv,0.03215003386,0.04001154378,0,0.01667245664,0.02074032277,0.4485981166,0.5648699999,Wed Apr 19 01:33:56 2017
model-builder,network-2017-04-17 19:56:47.501745-4,17000,51,0.35,100,35,150,gru,600,4,50,FALSE,25,50,TRUE,0.1,TRUE,0.75,TRUE,0.4,FALSE,vectors.txt,TRUE,TRUE,validation_data_top_50_subreddit_allvotes.csv,training_data_top_50_subreddit_allvotes.csv,testing_data_top_50_subreddit_allvotes.csv,0.03143893555,0.03572916612,4,0.01865136251,0.0211813692,0.1000000015,0.1140852347,Mon Apr 17 23:47:52 2017
model-builder,network-2017-04-16 14:23:58.227713-6,10000,51,0.1,300,20,300,gru,450,0,100,TRUE,50,5,FALSE,0.05,TRUE,0.9,TRUE,0.7,TRUE,vectors300d.txt,FALSE,FALSE,validation_data_top_50_subreddit_allvotes.csv,training_data_top_50_subreddit_allvotes.csv,testing_data_top_50_subreddit_allvotes.csv,0.03094462492,0.03741152957,2,0.01782364026,0.02154257521,0.1172839478,0.1420504451,Sun Apr 16 16:52:58 2017
model-builder,network-2017-04-18 11:55:46.528432-8,12000,51,0.35,100,40,300,gru,750,4,200,FALSE,100,50,FALSE,0.05,TRUE,0.5,TRUE,0.7,FALSE,vectors.txt,FALSE,TRUE,validation_data_top_50_subreddit_allvotes.csv,training_data_top_50_subreddit_allvotes.csv,testing_data_top_50_subreddit_allvotes.csv,0.030567687,0.03977060318,0,0.01590306684,0.02071472071,0.3925233781,0.4966347814,Tue Apr 18 14:16:41 2017
model-builder,network47,10000,51,0.5,100,20,300,lstm,300,0,200,TRUE,25,50,TRUE,0.1,TRUE,0.75,TRUE,0.4,TRUE,vectors.txt,FALSE,FALSE,validation_data_top_50_subreddit.csv,training_data_top_50_subreddit.csv,testing_data_top_50_subreddit.csv,0.03044139966,0.0416367203,0,0.01582278498,0.02171799727,0.400000006,0.5025725961,Tue Apr 18 22:25:59 2017
model-builder,network-2017-04-16 14:23:58.227713-5,19000,51,0.4,100,25,250,lstm,450,5,50,FALSE,25,5,FALSE,0.05,TRUE,0.5,TRUE,0.5,TRUE,vectors.txt,TRUE,FALSE,validation_data_top_50_subreddit_allvotes.csv,training_data_top_50_subreddit_allvotes.csv,testing_data_top_50_subreddit_allvotes.csv,0.0299850069,0.04011047259,0,0.01560062356,0.02087364346,0.3846153915,0.5115133524,Sun Apr 16 16:25:23 2017
model-builder,network82,15000,51,0.5,300,25,300,gru,300,1,200,FALSE,25,50,FALSE,0.1,FALSE,0.5,TRUE,0.4,FALSE,vectors300d.txt,FALSE,FALSE,validation_data_top_50_subreddit.csv,training_data_top_50_subreddit.csv,testing_data_top_50_subreddit.csv,0.02968961,0.04101959988,0,0.01536312886,0.02126643248,0.4399999976,0.5764635205,Wed Apr 19 11:40:12 2017
model-builder,network-2017-04-19 01:12:13.058082-22,17000,51,0.1,300,40,200,lstm,750,3,50,TRUE,25,50,FALSE,0.01,TRUE,0.75,FALSE,0.8,FALSE,vectors300d.txt,TRUE,FALSE,validation_data_top_50_subreddit.csv,training_data_top_50_subreddit.csv,testing_data_top_50_subreddit.csv,0.0285110157,0.04143044353,46,0.01485060621,0.02164842747,0.3557446897,0.4805491567,Wed Apr 19 07:05:15 2017
model-builder,network-2017-04-18 11:55:46.528432-6,12000,51,0.05,300,25,250,lstm,150,2,200,TRUE,25,50,FALSE,0.01,FALSE,0.75,TRUE,0.3,TRUE,vectors300d.txt,FALSE,FALSE,validation_data_top_50_subreddit_allvotes.csv,training_data_top_50_subreddit_allvotes.csv,testing_data_top_50_subreddit_allvotes.csv,0.02670623176,0.03944332153,0,0.01388888899,0.02052400261,0.3461538553,0.5044822097,Tue Apr 18 13:35:49 2017
model-builder,network91,12000,51,0.05,300,20,300,gru,150,2,200,FALSE,25,50,FALSE,0.1,TRUE,0.9,TRUE,0.4,FALSE,vectors300d.txt,TRUE,TRUE,validation_data_top_50_subreddit.csv,training_data_top_50_subreddit.csv,testing_data_top_50_subreddit.csv,0.02291325666,0.03947547823,0,0.01194539294,0.02064965293,0.2800000012,0.4469471872,Wed Apr 19 14:28:51 2017
model-builder,network-2017-04-19 01:12:13.058082-14,19000,51,0.05,100,30,250,lstm,600,1,200,FALSE,25,50,TRUE,0.05,FALSE,0.75,TRUE,0.5,FALSE,vectors.txt,TRUE,TRUE,validation_data_top_50_subreddit.csv,training_data_top_50_subreddit.csv,testing_data_top_50_subreddit.csv,0.01333333459,0.04114510491,0,0.006956521887,0.02153792977,0.1599999964,0.4589812458,Wed Apr 19 05:13:22 2017
model-builder,network-2017-04-19 12:19:10.037651-8,17000,51,0.05,300,20,150,lstm,450,5,100,TRUE,50,50,FALSE,0.01,TRUE,0.75,TRUE,0.7,TRUE,vectors300d.txt,FALSE,TRUE,validation_data_top_50_subreddit_allvotes.csv,training_data_top_50_subreddit_allvotes.csv,testing_data_top_50_subreddit_allvotes.csv,0,0,0,0,0,0,0,Wed Apr 19 14:41:26 2017
model-builder,network-2017-04-17 19:26:36.803863-7,12000,6,0.2,150,25,250,lstm,150,3,50,TRUE,100,50,FALSE,0.05,TRUE,0.9,TRUE,0.7,TRUE,vectors150d.txt,TRUE,TRUE,validation_data_top_5_subreddit_allvotes.csv,training_data_top_5_subreddit_allvotes.csv,testing_data_top_5_subreddit_allvotes.csv,0,0,0,0,0,0,0,Tue Apr 18 06:23:05 2017
model-builder,network-CharlesWoodard-0,19000,6,0.5,100,25,300,gru,450,3,100,TRUE,50,100,TRUE,0.01,FALSE,0.9,TRUE,0.7,FALSE,vectors.txt,FALSE,TRUE,validation_data_top_5_subreddit_allvotes.csv,training_data_top_5_subreddit_allvotes.csv,testing_data_top_5_subreddit_allvotes.csv,0,0,0,0,0,0,0,Thu Apr 20 22:58:23 2017
model-builder,network-2017-04-17 11:58:19.730634-10,12000,51,0.1,100,20,250,gru,450,1,200,FALSE,25,50,TRUE,0.05,FALSE,0.9,TRUE,0.8,FALSE,vectors.txt,FALSE,TRUE,validation_data_top_50_subreddit_allvotes.csv,training_data_top_50_subreddit_allvotes.csv,testing_data_top_50_subreddit_allvotes.csv,0,0,0,0,0,0,0,Mon Apr 17 16:16:56 2017
model-builder,network1,15000,6,0.4,100,30,150,lstm,150,0,50,FALSE,25,50,TRUE,0.1,TRUE,0.75,TRUE,0.7,FALSE,vectors.txt,FALSE,FALSE,validation_data_top_5_subreddit_allvotes.csv,training_data_top_5_subreddit_allvotes.csv,testing_data_top_5_subreddit_allvotes.csv,0,0,0,0,0,0,0,Sun Apr 16 23:46:58 2017
model-builder,network3,10000,51,0.1,100,30,250,gru,300,0,50,FALSE,100,50,TRUE,0.1,TRUE,0.75,TRUE,0.5,FALSE,vectors.txt,TRUE,TRUE,validation_data_top_50_subreddit.csv,training_data_top_50_subreddit.csv,testing_data_top_50_subreddit.csv,0,0,0,0,0,0,0,Tue Apr 18 10:28:01 2017